unique_id,ms_locations
١٢٠٠٠٢,"[{""library"": ""المكتبة المركزيه بجامعه الامام محمد بن سعود الاسلاميه"", ""country"": ""المملكة العربية السعودية"", ""city"": ""الرياض"", ""catalog_num"": ""١٦٦٤""}]"
١٢٠٠٠٨,"[{""library"": ""المكتبة المركزيه بجامعه الامام محمد بن سعود الاسلاميه"", ""country"": ""المملكة العربية السعودية"", ""city"": ""الرياض"", ""catalog_num"": ""١٥٤""}]"
١٢٠٠٠٩,"[{""library"": ""مركز الملك فيصل للبحوث والدراسات الاسلامية"", ""country"": ""المملكة العربية السعودية"", ""city"": ""الرياض"", ""catalog_num"": ""ب ١٧٦٨١""}]"
١٢٠٠١١,"[{""library"": ""مركز الملك فيصل للبحوث والدراسات الاسلامية"", ""country"": ""المملكة العربية السعودية"", ""city"": ""الرياض"", ""catalog_num"": ""ب ١٧٦٨٢""}]"
١٢٠٠١٤,"[{""library"": ""مركز الملك فيصل للبحوث والدراسات الاسلامية"", ""country"": ""المملكة العربية السعودية"", ""city"": ""الرياض"", ""catalog_num"": ""ب ١٧٦٨٣-١٧٦٨٧""}]"
١٢٠٠١٧,"[{""library"": ""مركز الملك فيصل للبحوث والدراسات الاسلامية"", ""country"": ""المملكة العربية السعودية"", ""city"": ""الرياض"", ""catalog_num"": ""ب ١٧٦٨٨-١٧٦٩٤""}]"
١٢٠٠١٩,"[{""library"": ""مركز الملك فيصل للبحوث والدراسات الاسلامية"", ""country"": ""المملكة العربية السعودية"", ""city"": ""الرياض"", ""catalog_num"": ""ب ١٧٦٩٥-١٧٧٠٠""}]"
١٢٠٠٢١,"[{""library"": ""مركز الملك فيصل للبحوث والدراسات الاسلامية"", ""country"": ""المملكة العربية السعودية"", ""city"": ""الرياض"", ""catalog_num"": ""ب ١٧٧٠١""}]"
١٢٠٠٢٣,"[{""library"": ""مركز الملك فيصل للبحوث والدراسات الاسلامية"", ""country"": ""المملكة العربية السعودية"", ""city"": ""الرياض"", ""catalog_num"": ""ب ١٧٧٠٢-١٧٧٠٥""}]"
١٢٠٠٢٥,"[{""library"": ""مركز الملك فيصل للبحوث والدراسات الاسلامية"", ""country"": ""المملكة العربية السعودية"", ""city"": ""الرياض"", ""catalog_num"": ""ب ١٧٧٠٦-١٧٧٠٧""}]"
١٢٠٠٢٧,"[{""library"": ""مركز الملك فيصل للبحوث والدراسات الاسلامية"", ""country"": ""المملكة العربية السعودية"", ""city"": ""الرياض"", ""catalog_num"": ""ب ١٧٧٠٨""}]"
١٢٠٠٢٩,"[{""library"": ""مركز الملك فيصل للبحوث والدراسات الاسلامية"", ""country"": ""المملكة العربية السعودية"", ""city"": ""الرياض"", ""catalog_num"": ""ب ١٧٧٠٩-١٧٧٢١""}]"
١٢٠٠٣٢,"[{""library"": ""مركز الملك فيصل للبحوث والدراسات الاسلامية"", ""country"": ""المملكة العربية السعودية"", ""city"": ""الرياض"", ""catalog_num"": ""ب ١٧٧٢٢-١٧٧٢٦""}]"
١٢٠٠٣٤,"[{""library"": ""مركز الملك فيصل للبحوث والدراسات الاسلامية"", ""country"": ""المملكة العربية السعودية"", ""city"": ""الرياض"", ""catalog_num"": ""ب ١٧٧٢٧-١٧٧٢٨""}]"
١٢٠٠٣٦,"[{""library"": ""مركز الملك فيصل للبحوث والدراسات الاسلامية"", ""country"": ""المملكة العربية السعودية"", ""city"": ""الرياض"", ""catalog_num"": ""ب ١٧٧٢٨-١٧٧٣٢""}]"
١٢٠٠٣٨,"[{""library"": ""مركز الملك فيصل للبحوث والدراسات الاسلامية"", ""country"": ""المملكة العربية السعودية"", ""city"": ""الرياض"", ""catalog_num"": ""ب ١٧٧٣٣-١٧٧٣٤""}]"
١٢٠٠٣٩,"[{""library"": ""المكتبة المركزيه بجامعه الامام محمد بن سعود الاسلاميه"", ""country"": ""المملكة العربية السعودية"", ""city"": ""الرياض"", ""catalog_num"": ""٣٩٠""}]"
١٢٠٠٤٣,"[{""library"": ""مركز الملك فيصل للبحوث والدراسات الاسلامية"", ""country"": ""المملكة العربية السعودية"", ""city"": ""الرياض"", ""catalog_num"": ""ب ١٤٧٧٢-١٤٧٧٧""}]"
١٢٠٠٤٤,"[{""library"": ""المكتبة المركزيه بجامعه الامام محمد بن سعود الاسلاميه"", ""country"": ""المملكة العربية السعودية"", ""city"": ""الرياض"", ""catalog_num"": ""٢١٢""}]"
١٢٠٠٥٦,"[{""library"": ""المكتبة المركزيه بجامعه الامام محمد بن سعود الاسلاميه"", ""country"": ""المملكة العربية السعودية"", ""city"": ""الرياض"", ""catalog_num"": ""٢١٩""}]"
١٢٠٠٥٧,"[{""library"": ""المكتبة المركزيه بجامعه الامام محمد بن سعود الاسلاميه"", ""country"": ""المملكة العربية السعودية"", ""city"": ""الرياض"", ""catalog_num"": ""٢٢٤""}]"
١٢٠٠٦٢,"[{""library"": ""المكتبة المركزيه بجامعه الامام محمد بن سعود الاسلاميه"", ""country"": ""المملكة العربية السعودية"", ""city"": ""الرياض"", ""catalog_num"": ""٢٠٢""}]"
١٢٠٠٦٤,"[{""library"": ""مركز الملك فيصل للبحوث والدراسات الاسلامية"", ""country"": ""المملكة العربية السعودية"", ""city"": ""الرياض"", ""catalog_num"": ""ب ١٧٧٣٥-١٧٧٣٦""}]"
١٢٠٠٦٥,"[{""library"": ""مركز الملك فيصل للبحوث والدراسات الاسلامية"", ""country"": ""المملكة العربية السعودية"", ""city"": ""الرياض"", ""catalog_num"": ""ب ١٧٧٣٧-١٧٧٤٤""}]"
١٢٠٠٦٦,"[{""library"": ""مركز الملك فيصل للبحوث والدراسات الاسلامية"", ""country"": ""المملكة العربية السعودية"", ""city"": ""الرياض"", ""catalog_num"": ""ب ١٧٧٤٥-١٧٧٥٣""}]"
١٢٠٠٦٧,"[{""library"": ""مركز الملك فيصل للبحوث والدراسات الاسلامية"", ""country"": ""المملكة العربية السعودية"", ""city"": ""الرياض"", ""catalog_num"": ""ب ١٧٧٥٤""}]"
١٢٠٠٦٨,"[{""library"": ""المكتبة المركزيه بجامعه الامام محمد بن سعود الاسلاميه"", ""country"": ""المملكة العربية السعودية"", ""city"": ""الرياض"", ""catalog_num"": ""٢٤٩""}]"
١٢٠٠٧٠,"[{""library"": ""مركز الملك فيصل للبحوث والدراسات الاسلامية"", ""country"": ""المملكة العربية السعودية"", ""city"": ""الرياض"", ""catalog_num"": ""ب ١٧٧٥٥-١٧٧٦٠""}]"
١٢٠٠٧١,"[{""library"": ""مركز الملك فيصل للبحوث والدراسات الاسلامية"", ""country"": ""المملكة العربية السعودية"", ""city"": ""الرياض"", ""catalog_num"": ""ب ١٧٧٦١-١٧٧٦٧""}]"
١٢٠٠٧٢,"[{""library"": ""مركز الملك فيصل للبحوث والدراسات الاسلامية"", ""country"": ""المملكة العربية السعودية"", ""city"": ""الرياض"", ""catalog_num"": ""ب ١٧٧٦٨-١٧٧٧١""}]"
١٢٠٠٧٣,"[{""library"": ""مركز الملك فيصل للبحوث والدراسات الاسلامية"", ""country"": ""المملكة العربية السعودية"", ""city"": ""الرياض"", ""catalog_num"": ""ب ١٧٧٧٢-١٧٧٧٦""}]"
١٢٠٠٧٤,"[{""library"": ""مركز الملك فيصل للبحوث والدراسات الاسلامية"", ""country"": ""المملكة العربية السعودية"", ""city"": ""الرياض"", ""catalog_num"": ""ب ١٧٧٧٧-١٧٧٧٨""}]"
١٢٠٠٧٥,"[{""library"": ""المكتبة المركزيه بجامعه الامام محمد بن سعود الاسلاميه"", ""country"": ""المملكة العربية السعودية"", ""city"": ""الرياض"", ""catalog_num"": ""٨٢٢""}]"
١٢٠٠٧٧,"[{""library"": ""المكتبة المركزيه بجامعه الامام محمد بن سعود الاسلاميه"", ""country"": ""المملكة العربية السعودية"", ""city"": ""الرياض"", ""catalog_num"": ""٢٦٠""}]"
١٢٠٠٧٨,"[{""library"": ""المكتبة المركزيه بجامعه الامام محمد بن سعود الاسلاميه"", ""country"": ""المملكة العربية السعودية"", ""city"": ""الرياض"", ""catalog_num"": ""٢٦١,٢٦٢""}]"
١٢٠٠٧٩,"[{""library"": ""المكتبة المركزيه بجامعه الامام محمد بن سعود الاسلاميه"", ""country"": ""المملكة العربية السعودية"", ""city"": ""الرياض"", ""catalog_num"": ""٢٦٣""}]"
١٢٠٠٨٠,"[{""library"": ""المكتبة المركزيه بجامعه الامام محمد بن سعود الاسلاميه"", ""country"": ""المملكة العربية السعودية"", ""city"": ""الرياض"", ""catalog_num"": ""٢٦٤""}]"
١٢٠٠٨٢,"[{""library"": ""مركز الملك فيصل للبحوث والدراسات الاسلامية"", ""country"": ""المملكة العربية السعودية"", ""city"": ""الرياض"", ""catalog_num"": ""١٢٦٩٣-٣""}]"
١٢٠٠٨٤,"[{""library"": ""مركز الملك فيصل للبحوث والدراسات الاسلامية"", ""country"": ""المملكة العربية السعودية"", ""city"": ""الرياض"", ""catalog_num"": ""ب ١٧٧٧٩-١٧٧٨٣""}]"
١٢٠٠٨٥,"[{""library"": ""مركز الملك فيصل للبحوث والدراسات الاسلامية"", ""country"": ""المملكة العربية السعودية"", ""city"": ""الرياض"", ""catalog_num"": ""ب ١٧٧٨٤-١٧٧٩١""}]"
١٢٠٠٨٨,"[{""library"": ""مركز الملك فيصل للبحوث والدراسات الاسلامية"", ""country"": ""المملكة العربية السعودية"", ""city"": ""الرياض"", ""catalog_num"": ""ب ١٧٧٩٢-١٧٧٩٩""}]"
١٢٠٠٩١,"[{""library"": ""مركز الملك فيصل للبحوث والدراسات الاسلامية"", ""country"": ""المملكة العربية السعودية"", ""city"": ""الرياض"", ""catalog_num"": ""ب ١٧٨٠٠-١٧٨٠١""}]"
١٢٠٠٩٢,"[{""library"": ""مركز الملك فيصل للبحوث والدراسات الاسلامية"", ""country"": ""المملكة العربية السعودية"", ""city"": ""الرياض"", ""catalog_num"": ""ب ١٧٨٠٢""}]"
١٢٠٠٩٥,"[{""library"": ""مركز الملك فيصل للبحوث والدراسات الاسلامية"", ""country"": ""المملكة العربية السعودية"", ""city"": ""الرياض"", ""catalog_num"": ""ب ١٧٨٠٣-١٧٨١٠""}]"
١٢٠٠٩٧,"[{""library"": ""مركز الملك فيصل للبحوث والدراسات الاسلامية"", ""country"": ""المملكة العربية السعودية"", ""city"": ""الرياض"", ""catalog_num"": ""ب ١٧٨١١-١٧٨١٢""}]"
١٢٠٠٩٨,"[{""library"": ""مركز الملك فيصل للبحوث والدراسات الاسلامية"", ""country"": ""المملكة العربية السعودية"", ""city"": ""الرياض"", ""catalog_num"": ""ب ١٧٨١٣""}]"
١٢٠٠٩٩,"[{""library"": ""مركز الملك فيصل للبحوث والدراسات الاسلامية"", ""country"": ""المملكة العربية السعودية"", ""city"": ""الرياض"", ""catalog_num"": ""ب ١٧٨١٤""}]"
١٢٠١٠٠,"[{""library"": ""مركز الملك فيصل للبحوث والدراسات الاسلامية"", ""country"": ""المملكة العربية السعودية"", ""city"": ""الرياض"", ""catalog_num"": ""ب ١٧٨١٥""}]"
١٢٠١٠١,"[{""library"": ""مركز الملك فيصل للبحوث والدراسات الاسلامية"", ""country"": ""المملكة العربية السعودية"", ""city"": ""الرياض"", ""catalog_num"": ""ب ١٧٨١٥""}]"
١٢٠١٠٢,"[{""library"": ""مركز الملك فيصل للبحوث والدراسات الاسلامية"", ""country"": ""المملكة العربية السعودية"", ""city"": ""الرياض"", ""catalog_num"": ""ب ١٧٨١٦-١٧٨١٩""}]"
١٢٠١٠٣,"[{""library"": ""مركز الملك فيصل للبحوث والدراسات الاسلامية"", ""country"": ""المملكة العربية السعودية"", ""city"": ""الرياض"", ""catalog_num"": ""ب ١٧٨٢٠-١٧٨٢١""}]"
١٢٠١٠٤,"[{""library"": ""مركز الملك فيصل للبحوث والدراسات الاسلامية"", ""country"": ""المملكة العربية السعودية"", ""city"": ""الرياض"", ""catalog_num"": ""ب ١٧٨٢٢-١٧٨٢٣""}]"
١٢٠١٠٥,"[{""library"": ""مركز الملك فيصل للبحوث والدراسات الاسلامية"", ""country"": ""المملكة العربية السعودية"", ""city"": ""الرياض"", ""catalog_num"": ""ب ١٧٨٢٤-١٧٨٢٥""}]"
١٢٠١٠٦,"[{""library"": ""مركز الملك فيصل للبحوث والدراسات الاسلامية"", ""country"": ""المملكة العربية السعودية"", ""city"": ""الرياض"", ""catalog_num"": ""ب ١٧٨٢٦""}]"
١٢٠١٠٧,"[{""library"": ""المكتبة المركزيه بجامعه الامام محمد بن سعود الاسلاميه"", ""country"": ""المملكة العربية السعودية"", ""city"": ""الرياض"", ""catalog_num"": ""٢٨٢""}]"
١٢٠١٠٨,"[{""library"": ""المكتبة المركزيه بجامعه الامام محمد بن سعود الاسلاميه"", ""country"": ""المملكة العربية السعودية"", ""city"": ""الرياض"", ""catalog_num"": ""١٦٧١""}]"
١٢٠١٠٩,"[{""library"": ""المكتبة المركزيه بجامعه الامام محمد بن سعود الاسلاميه"", ""country"": ""المملكة العربية السعودية"", ""city"": ""الرياض"", ""catalog_num"": ""٢٩٨""}]"
١٢٠١١٠,"[{""library"": ""المكتبة المركزيه بجامعه الامام محمد بن سعود الاسلاميه"", ""country"": ""المملكة العربية السعودية"", ""city"": ""الرياض"", ""catalog_num"": ""٣٠٤""}]"
١٢٠١١١,"[{""library"": ""المكتبة المركزيه بجامعه الامام محمد بن سعود الاسلاميه"", ""country"": ""المملكة العربية السعودية"", ""city"": ""الرياض"", ""catalog_num"": ""٣٥٥""}]"
١٢٠١١٢,"[{""library"": ""المكتبة المركزيه بجامعه الامام محمد بن سعود الاسلاميه"", ""country"": ""المملكة العربية السعودية"", ""city"": ""الرياض"", ""catalog_num"": ""٣٥٦""}]"
١٢٠١١٣,"[{""library"": ""المكتبة المركزيه بجامعه الامام محمد بن سعود الاسلاميه"", ""country"": ""المملكة العربية السعودية"", ""city"": ""الرياض"", ""catalog_num"": ""٣٥٣""}]"
١٢٠١١٤,"[{""library"": ""المكتبة المركزيه بجامعه الامام محمد بن سعود الاسلاميه"", ""country"": ""المملكة العربية السعودية"", ""city"": ""الرياض"", ""catalog_num"": ""٤٥""}]"
١٢٠١١٥,"[{""library"": ""المكتبة المركزيه بجامعه الامام محمد بن سعود الاسلاميه"", ""country"": ""المملكة العربية السعودية"", ""city"": ""الرياض"", ""catalog_num"": ""٣٥٩""}]"
١٢٠١١٦,"[{""library"": ""المكتبة المركزيه بجامعه الامام محمد بن سعود الاسلاميه"", ""country"": ""المملكة العربية السعودية"", ""city"": ""الرياض"", ""catalog_num"": ""٣٦١,٢٦٢""}]"
١٢٠١١٧,"[{""library"": ""المكتبة المركزيه بجامعه الامام محمد بن سعود الاسلاميه"", ""country"": ""المملكة العربية السعودية"", ""city"": ""الرياض"", ""catalog_num"": ""٣٦٣""}]"
١٢٠١١٨,"[{""library"": ""مركز الملك فيصل للبحوث والدراسات الاسلامية"", ""country"": ""المملكة العربية السعودية"", ""city"": ""الرياض"", ""catalog_num"": ""١٢٦٩٣-٤""}]"
١٢٠١١٩,"[{""library"": ""مركز الملك فيصل للبحوث والدراسات الاسلامية"", ""country"": ""المملكة العربية السعودية"", ""city"": ""الرياض"", ""catalog_num"": ""١٢٦٩٣-٥""}]"
١٢٠١٢٠,"[{""library"": ""المكتبة المركزيه بجامعه الامام محمد بن سعود الاسلاميه"", ""country"": ""المملكة العربية السعودية"", ""city"": ""الرياض"", ""catalog_num"": ""٣٦٧""}]"
١٢٠١٢١,"[{""library"": ""المكتبة المركزيه بجامعه الامام محمد بن سعود الاسلاميه"", ""country"": ""المملكة العربية السعودية"", ""city"": ""الرياض"", ""catalog_num"": ""٣٦٨""}]"
١٢٠١٢٢,"[{""library"": ""المكتبة المركزيه بجامعه الامام محمد بن سعود الاسلاميه"", ""country"": ""المملكة العربية السعودية"", ""city"": ""الرياض"", ""catalog_num"": ""٣٤,٣٢٥""}]"
١٢٠١٢٣,"[{""library"": ""المكتبة المركزيه بجامعه الامام محمد بن سعود الاسلاميه"", ""country"": ""المملكة العربية السعودية"", ""city"": ""الرياض"", ""catalog_num"": ""٣٦٩,٣٧٠""}]"
١٢٠١٢٤,"[{""library"": ""مركز الملك فيصل للبحوث والدراسات الاسلامية"", ""country"": ""المملكة العربية السعودية"", ""city"": ""الرياض"", ""catalog_num"": ""ب ١٧٨٢٧""}]"
١٢٠١٢٥,"[{""library"": ""المكتبة المركزيه بجامعه الامام محمد بن سعود الاسلاميه"", ""country"": ""المملكة العربية السعودية"", ""city"": ""الرياض"", ""catalog_num"": ""٣٧١""}]"
١٢٠١٢٦,"[{""library"": ""المكتبة المركزيه بجامعه الامام محمد بن سعود الاسلاميه"", ""country"": ""المملكة العربية السعودية"", ""city"": ""الرياض"", ""catalog_num"": ""٣٧٦""}]"
١٢٠١٢٧,"[{""library"": ""مركز الملك فيصل للبحوث والدراسات الاسلامية"", ""country"": ""المملكة العربية السعودية"", ""city"": ""الرياض"", ""catalog_num"": ""ب ١٧٨٢٨-١٧٨٣١""}]"
١٢٠١٢٨,"[{""library"": ""مركز الملك فيصل للبحوث والدراسات الاسلامية"", ""country"": ""المملكة العربية السعودية"", ""city"": ""الرياض"", ""catalog_num"": ""ب ١٧٨٣٢""}]"
١٢٠١٢٩,"[{""library"": ""المكتبة المركزيه بجامعه الامام محمد بن سعود الاسلاميه"", ""country"": ""المملكة العربية السعودية"", ""city"": ""الرياض"", ""catalog_num"": ""٣٧٤""}]"
١٢٠١٣٠,"[{""library"": ""مركز الملك فيصل للبحوث والدراسات الاسلامية"", ""country"": ""المملكة العربية السعودية"", ""city"": ""الرياض"", ""catalog_num"": ""ب ١٧٨٣٣""}]"
١٢٠١٣١,"[{""library"": ""مركز الملك فيصل للبحوث والدراسات الاسلامية"", ""country"": ""المملكة العربية السعودية"", ""city"": ""الرياض"", ""catalog_num"": ""ب ١٧٨٣٤""}]"
١٢٠١٣٢,"[{""library"": ""مركز الملك فيصل للبحوث والدراسات الاسلامية"", ""country"": ""المملكة العربية السعودية"", ""city"": ""الرياض"", ""catalog_num"": ""ب ١٧٨٣٤""}]"
١٢٠١٣٣,"[{""library"": ""مكتبة برنستون"", ""country"": ""الولايات المتحدة الأمريكية"", ""city"": ""برنستون"", ""catalog_num"": ""١٥٥٣""}]"
١٢٠١٣٤,"[{""library"": ""مكتبة برنستون"", ""country"": ""الولايات المتحدة الأمريكية"", ""city"": ""برنستون"", ""catalog_num"": ""٤٢ G""}]"
١٢٠١٣٥,"[{""library"": ""مركز الملك فيصل للبحوث والدراسات الاسلامية"", ""country"": ""المملكة العربية السعودية"", ""city"": ""الرياض"", ""catalog_num"": ""١٢٧١٨-٦""}]"
١٢٠١٣٦,"[{""library"": ""مركز الملك فيصل للبحوث والدراسات الاسلامية"", ""country"": ""المملكة العربية السعودية"", ""city"": ""الرياض"", ""catalog_num"": ""ب ١٧٨٣٥-١٧٨٣٩""}]"
١٢٠١٣٧,"[{""library"": ""مركز الملك فيصل للبحوث والدراسات الاسلامية"", ""country"": ""المملكة العربية السعودية"", ""city"": ""الرياض"", ""catalog_num"": ""ب ١٧٨٤٠-١٧٨٤٣""}]"
١٢٠١٣٨,"[{""library"": ""مكتبة برنستون"", ""country"": ""الولايات المتحدة الأمريكية"", ""city"": ""برنستون"", ""catalog_num"": ""١٠٥٥""}]"
١٢٠١٣٩,"[{""library"": ""مركز الملك فيصل للبحوث والدراسات الاسلامية"", ""country"": ""المملكة العربية السعودية"", ""city"": ""الرياض"", ""catalog_num"": ""ب ١٧٨٤٤-١٧٨٤٨""}]"
١٢٠١٤٠,"[{""library"": ""مكتبة برنستون"", ""country"": ""الولايات المتحدة الأمريكية"", ""city"": ""برنستون"", ""catalog_num"": ""e ٤٥ h""}]"
١٢٠١٤١,"[{""library"": ""مكتبة برنستون"", ""country"": ""الولايات المتحدة الأمريكية"", ""city"": ""برنستون"", ""catalog_num"": ""٤٥٩ h""}]"
١٢٠١٤٢,"[{""library"": ""مركز الملك فيصل للبحوث والدراسات الاسلامية"", ""country"": ""المملكة العربية السعودية"", ""city"": ""الرياض"", ""catalog_num"": ""ب ١٧٨٤٩-١٧٨٥٣""}]"
١٢٠١٤٣,"[{""library"": ""مركز الملك فيصل للبحوث والدراسات الاسلامية"", ""country"": ""المملكة العربية السعودية"", ""city"": ""الرياض"", ""catalog_num"": ""ب ١٧٨٥٤-١٧٨٥٥""}]"
١٢٠١٤٤,"[{""library"": ""مركز الملك فيصل للبحوث والدراسات الاسلامية"", ""country"": ""المملكة العربية السعودية"", ""city"": ""الرياض"", ""catalog_num"": ""ب ١٧٨٥٦""}]"
١٢٠١٤٥,"[{""library"": ""مركز الملك فيصل للبحوث والدراسات الاسلامية"", ""country"": ""المملكة العربية السعودية"", ""city"": ""الرياض"", ""catalog_num"": ""ب ١٧٨٥٦-١٧٨٥٧""}]"
١٢٠١٤٦,"[{""library"": ""مركز الملك فيصل للبحوث والدراسات الاسلامية"", ""country"": ""المملكة العربية السعودية"", ""city"": ""الرياض"", ""catalog_num"": ""ب ١٧٨٥٧""}]"
١٢٠١٤٧,"[{""library"": ""مركز الملك فيصل للبحوث والدراسات الاسلامية"", ""country"": ""المملكة العربية السعودية"", ""city"": ""الرياض"", ""catalog_num"": ""ب ١٧٨٥٨-١٧٨٦٠""}]"
١٢٠١٤٨,"[{""library"": ""مركز الملك فيصل للبحوث والدراسات الاسلامية"", ""country"": ""المملكة العربية السعودية"", ""city"": ""الرياض"", ""catalog_num"": ""ب ١٧٨٦١""}]"
١٢٠١٥١,"[{""library"": ""مركز الملك فيصل للبحوث والدراسات الاسلامية"", ""country"": ""المملكة العربية السعودية"", ""city"": ""الرياض"", ""catalog_num"": ""١٢٧١٨-٧""}]"
١٢٠١٥٣,"[{""library"": ""مركز الملك فيصل للبحوث والدراسات الاسلامية"", ""country"": ""المملكة العربية السعودية"", ""city"": ""الرياض"", ""catalog_num"": ""١٢٦٠٨-١""}]"
١٢٠١٥٦,"[{""library"": ""مركز الملك فيصل للبحوث والدراسات الاسلامية"", ""country"": ""المملكة العربية السعودية"", ""city"": ""الرياض"", ""catalog_num"": ""١٢٤٩٣-١""}]"
١٢٠١٦٥,"[{""library"": ""مكتبة برنستون"", ""country"": ""الولايات المتحدة الأمريكية"", ""city"": ""برنستون"", ""catalog_num"": ""٦٤٢""}]"
١٢٠١٦٧,"[{""library"": ""مكتبة برنستون"", ""country"": ""الولايات المتحدة الأمريكية"", ""city"": ""برنستون"", ""catalog_num"": ""٤٣٧٨""}]"
١٢٠١٦٨,"[{""library"": ""مركز الملك فيصل للبحوث والدراسات الاسلامية"", ""country"": ""المملكة العربية السعودية"", ""city"": ""الرياض"", ""catalog_num"": ""ب ١٧٨٦٢""}]"
١٢٠١٦٩,"[{""library"": ""مكتبة برنستون"", ""country"": ""الولايات المتحدة الأمريكية"", ""city"": ""برنستون"", ""catalog_num"": ""٥٩٩٣""}]"
١٢٠١٧٠,"[{""library"": ""مركز الملك فيصل للبحوث والدراسات الاسلامية"", ""country"": ""المملكة العربية السعودية"", ""city"": ""الرياض"", ""catalog_num"": ""١٢٤٩٦-١""}]"
١٢٠١٧٣,"[{""library"": ""مكتبة برنستون"", ""country"": ""الولايات المتحدة الأمريكية"", ""city"": ""برنستون"", ""catalog_num"": ""٤٥٠٣,٩٤٣,٩٥٠,٩٤٦""}]"
١٢٠١٧٤,"[{""library"": ""مركز الملك فيصل للبحوث والدراسات الاسلامية"", ""country"": ""المملكة العربية السعودية"", ""city"": ""الرياض"", ""catalog_num"": ""ب ١٧٨٦٢-١٧٨٦٣""}]"
١٢٠١٧٦,"[{""library"": ""مركز الملك فيصل للبحوث والدراسات الاسلامية"", ""country"": ""المملكة العربية السعودية"", ""city"": ""الرياض"", ""catalog_num"": ""ب ١٧٨٦٤-١٧٨٦٦""}]"
١٢٠١٧٧,"[{""library"": ""مكتبة برنستون"", ""country"": ""الولايات المتحدة الأمريكية"", ""city"": ""برنستون"", ""catalog_num"": ""١٣٤٥""}]"
١٢٠١٧٨,"[{""library"": ""مكتبة برنستون"", ""country"": ""الولايات المتحدة الأمريكية"", ""city"": ""برنستون"", ""catalog_num"": ""١""}]"
١٢٠١٨١,"[{""library"": ""مكتبة برنستون"", ""country"": ""الولايات المتحدة الأمريكية"", ""city"": ""برنستون"", ""catalog_num"": ""٣٠٨٩""}]"
١٢٠١٨٨,"[{""library"": ""مكتبة برنستون"", ""country"": ""الولايات المتحدة الأمريكية"", ""city"": ""برنستون"", ""catalog_num"": ""٢٥١٩""}]"
١٢٠١٩٠,"[{""library"": ""مكتبة برنستون"", ""country"": ""الولايات المتحدة الأمريكية"", ""city"": ""برنستون"", ""catalog_num"": ""٣٤ h""}]"
١٢٠١٩٤,"[{""library"": ""مكتبة برنستون"", ""country"": ""الولايات المتحدة الأمريكية"", ""city"": ""برنستون"", ""catalog_num"": ""١٢ h""}]"
١٢٠١٩٥,"[{""library"": ""مكتبة برنستون"", ""country"": ""الولايات المتحدة الأمريكية"", ""city"": ""برنستون"", ""catalog_num"": ""٣٦٣٨""}]"
١٢٠١٩٦,"[{""library"": ""مكتبة برنستون"", ""country"": ""الولايات المتحدة الأمريكية"", ""city"": ""برنستون"", ""catalog_num"": ""٢٤٦٨""}]"
١٢٠١٩٧,"[{""library"": ""مركز الملك فيصل للبحوث والدراسات الاسلامية"", ""country"": ""المملكة العربية السعودية"", ""city"": ""الرياض"", ""catalog_num"": ""ب ١٧٨٦٨""}]"
١٢٠٢٠٣,"[{""library"": ""مكتبة برنستون"", ""country"": ""الولايات المتحدة الأمريكية"", ""city"": ""برنستون"", ""catalog_num"": ""٣١٣٥""}]"
١٢٠٢٠٤,"[{""library"": ""مركز الملك فيصل للبحوث والدراسات الاسلامية"", ""country"": ""المملكة العربية السعودية"", ""city"": ""الرياض"", ""catalog_num"": ""ب ١٧٨٦٨-١٧٨٦٩""}]"
١٢٠٢٠٥,"[{""library"": ""مركز الملك فيصل للبحوث والدراسات الاسلامية"", ""country"": ""المملكة العربية السعودية"", ""city"": ""الرياض"", ""catalog_num"": ""ب ١٧٨٦٩""}]"
١٢٠٢٠٦,"[{""library"": ""مركز الملك فيصل للبحوث والدراسات الاسلامية"", ""country"": ""المملكة العربية السعودية"", ""city"": ""الرياض"", ""catalog_num"": ""ب ١٧٨٧٠""}]"
١٢٠٢٠٧,"[{""library"": ""مركز الملك فيصل للبحوث والدراسات الاسلامية"", ""country"": ""المملكة العربية السعودية"", ""city"": ""الرياض"", ""catalog_num"": ""ب ١٧٨٧١""}]"
١٢٠٢٠٨,"[{""library"": ""مركز الملك فيصل للبحوث والدراسات الاسلامية"", ""country"": ""المملكة العربية السعودية"", ""city"": ""الرياض"", ""catalog_num"": ""ب ١٧٨٧٢""}]"
١٢٠٢٠٩,"[{""library"": ""مركز الملك فيصل للبحوث والدراسات الاسلامية"", ""country"": ""المملكة العربية السعودية"", ""city"": ""الرياض"", ""catalog_num"": ""ب ١٧٨٧٣-١٧٨٨٣""}]"
١٢٠٢١٠,"[{""library"": ""مركز الملك فيصل للبحوث والدراسات الاسلامية"", ""country"": ""المملكة العربية السعودية"", ""city"": ""الرياض"", ""catalog_num"": ""ب ١٧٨٨٤-١٧٨٨٦""}]"
١٢٠٢١١,"[{""library"": ""مكتبة برنستون"", ""country"": ""الولايات المتحدة الأمريكية"", ""city"": ""برنستون"", ""catalog_num"": ""٢٤٠١""}]"
١٢٠٢١٢,"[{""library"": ""مكتبة برنستون"", ""country"": ""الولايات المتحدة الأمريكية"", ""city"": ""برنستون"", ""catalog_num"": ""١٣٧٣""}]"
١٢٠٢١٣,"[{""library"": ""مكتبة برنستون"", ""country"": ""الولايات المتحدة الأمريكية"", ""city"": ""برنستون"", ""catalog_num"": ""٥٨٦٣""}]"
١٢٠٢١٤,"[{""library"": ""مكتبة برنستون"", ""country"": ""الولايات المتحدة الأمريكية"", ""city"": ""برنستون"", ""catalog_num"": ""٢٣٩٠""}]"
١٢٠٢٢٣,"[{""library"": ""مكتبة برنستون"", ""country"": ""الولايات المتحدة الأمريكية"", ""city"": ""برنستون"", ""catalog_num"": ""١٠٣٩""}]"
١٢٠٢٢٦,"[{""library"": ""مكتبة برنستون"", ""country"": ""الولايات المتحدة الأمريكية"", ""city"": ""برنستون"", ""catalog_num"": ""٢٦١ l""}]"
١٢٠٢٣٦,"[{""library"": ""مكتبة برنستون"", ""country"": ""الولايات المتحدة الأمريكية"", ""city"": ""برنستون"", ""catalog_num"": ""٥٨٤٧""}]"
١٢٠٢٣٨,"[{""library"": ""مكتبة برنستون"", ""country"": ""الولايات المتحدة الأمريكية"", ""city"": ""برنستون"", ""catalog_num"": ""٥٧٣٨""}]"
١٢٠٢٤٠,"[{""library"": ""مركز الملك فيصل للبحوث والدراسات الاسلامية"", ""country"": ""المملكة العربية السعودية"", ""city"": ""الرياض"", ""catalog_num"": ""ب ١٧٨٨٧-١٧٨٨٨""}]"
١٢٠٢٤١,"[{""library"": ""مكتبة برنستون"", ""country"": ""الولايات المتحدة الأمريكية"", ""city"": ""برنستون"", ""catalog_num"": ""٦٦٥""}]"
١٢٠٢٤٢,"[{""library"": ""مركز الملك فيصل للبحوث والدراسات الاسلامية"", ""country"": ""المملكة العربية السعودية"", ""city"": ""الرياض"", ""catalog_num"": ""ب ١٧٨٨٩-١٧٨٩٩""}]"
١٢٠٢٤٣,"[{""library"": ""مركز الملك فيصل للبحوث والدراسات الاسلامية"", ""country"": ""المملكة العربية السعودية"", ""city"": ""الرياض"", ""catalog_num"": ""ب ١٧٩٠٠-١٧٩٠٣""}]"
١٢٠٢٤٤,"[{""library"": ""مركز الملك فيصل للبحوث والدراسات الاسلامية"", ""country"": ""المملكة العربية السعودية"", ""city"": ""الرياض"", ""catalog_num"": ""ب ١٧٩٠٤-١٧٩١٠""}]"
١٢٠٢٤٥,"[{""library"": ""مركز الملك فيصل للبحوث والدراسات الاسلامية"", ""country"": ""المملكة العربية السعودية"", ""city"": ""الرياض"", ""catalog_num"": ""ب ١٧٩١١-١٧٩١٢""}]"
١٢٠٢٤٦,"[{""library"": ""مركز الملك فيصل للبحوث والدراسات الاسلامية"", ""country"": ""المملكة العربية السعودية"", ""city"": ""الرياض"", ""catalog_num"": ""ب ١٧٩١٣""}]"
١٢٠٢٤٨,"[{""library"": ""مركز الملك فيصل للبحوث والدراسات الاسلامية"", ""country"": ""المملكة العربية السعودية"", ""city"": ""الرياض"", ""catalog_num"": ""ب ١٧٩١٤-١٧٩١٦""}]"
١٢٠٢٥٠,"[{""library"": ""مركز الملك فيصل للبحوث والدراسات الاسلامية"", ""country"": ""المملكة العربية السعودية"", ""city"": ""الرياض"", ""catalog_num"": ""ب ١٧٩١٧-١٧٩١٩""}]"
١٢٠٢٥٢,"[{""library"": ""مركز الملك فيصل للبحوث والدراسات الاسلامية"", ""country"": ""المملكة العربية السعودية"", ""city"": ""الرياض"", ""catalog_num"": ""ب ١٧٩٢٠""}]"
١٢٠٢٥٨,"[{""library"": ""مركز الملك فيصل للبحوث والدراسات الاسلامية"", ""country"": ""المملكة العربية السعودية"", ""city"": ""الرياض"", ""catalog_num"": ""٠٥٣٨٤-٣""}]"
١٢٠٢٦٠,"[{""library"": ""مركز الملك فيصل للبحوث والدراسات الاسلامية"", ""country"": ""المملكة العربية السعودية"", ""city"": ""الرياض"", ""catalog_num"": ""٠٥٣٨٤-٢""}]"
١٢٠٢٦٨,"[{""library"": ""مركز الملك فيصل للبحوث والدراسات الاسلامية"", ""country"": ""المملكة العربية السعودية"", ""city"": ""الرياض"", ""catalog_num"": ""ب ١٧٩٢١""}]"
١٢٠٢٦٩,"[{""library"": ""مركز الملك فيصل للبحوث والدراسات الاسلامية"", ""country"": ""المملكة العربية السعودية"", ""city"": ""الرياض"", ""catalog_num"": ""ب ١٧٩٢٢-١٧٩٢٥""}]"
١٢٠٢٧٠,"[{""library"": ""مركز الملك فيصل للبحوث والدراسات الاسلامية"", ""country"": ""المملكة العربية السعودية"", ""city"": ""الرياض"", ""catalog_num"": ""ب ١٧٩٢٦-١٧٩٢٨""}]"
١٢٠٢٧١,"[{""library"": ""مركز الملك فيصل للبحوث والدراسات الاسلامية"", ""country"": ""المملكة العربية السعودية"", ""city"": ""الرياض"", ""catalog_num"": ""ب ١٧٩٣٠-١٧٩٣٤""}]"
١٢٠٢٧٢,"[{""library"": ""مركز الملك فيصل للبحوث والدراسات الاسلامية"", ""country"": ""المملكة العربية السعودية"", ""city"": ""الرياض"", ""catalog_num"": ""ب ١٧٩٣٥-١٧٩٣٦""}]"
١٢٠٢٧٧,"[{""library"": ""مكتبة برنستون"", ""country"": ""الولايات المتحدة الأمريكية"", ""city"": ""برنستون"", ""catalog_num"": ""٣٧٦ h""}]"
١٢٠٢٧٨,"[{""library"": ""مكتبة برنستون"", ""country"": ""الولايات المتحدة الأمريكية"", ""city"": ""برنستون"", ""catalog_num"": ""a ٥٤٢ h""}]"
١٢٠٢٧٩,"[{""library"": ""مكتبة برنستون"", ""country"": ""الولايات المتحدة الأمريكية"", ""city"": ""برنستون"", ""catalog_num"": ""٨٧٩ h""}]"
١٢٠٢٨٠,"[{""library"": ""مكتبة برنستون"", ""country"": ""الولايات المتحدة الأمريكية"", ""city"": ""برنستون"", ""catalog_num"": ""٦٣١""}]"
١٢٠٢٨٣,"[{""library"": ""مكتبة برنستون"", ""country"": ""الولايات المتحدة الأمريكية"", ""city"": ""برنستون"", ""catalog_num"": ""٢٨٨ h""}]"
١٢٠٢٨٤,"[{""library"": ""مكتبة برنستون"", ""country"": ""الولايات المتحدة الأمريكية"", ""city"": ""برنستون"", ""catalog_num"": ""b ١٠٢ h""}]"
١٢٠٢٨٥,"[{""library"": ""مكتبة برنستون"", ""country"": ""الولايات المتحدة الأمريكية"", ""city"": ""برنستون"", ""catalog_num"": ""١٩٥٠""}]"
١٢٠٢٨٦,"[{""library"": ""مكتبة برنستون"", ""country"": ""الولايات المتحدة الأمريكية"", ""city"": ""برنستون"", ""catalog_num"": ""١٩٥٩""}]"
١٢٠٢٩٠,"[{""library"": ""مكتبة برنستون"", ""country"": ""الولايات المتحدة الأمريكية"", ""city"": ""برنستون"", ""catalog_num"": ""٢٦٨٧""}]"
١٢٠٢٩١,"[{""library"": ""مكتبة برنستون"", ""country"": ""الولايات المتحدة الأمريكية"", ""city"": ""برنستون"", ""catalog_num"": ""٤٣٦٠""}]"
١٢٠٢٩٢,"[{""library"": ""مكتبة برنستون"", ""country"": ""الولايات المتحدة الأمريكية"", ""city"": ""برنستون"", ""catalog_num"": ""٢٢٨٨""}]"
١٢٠٢٩٤,"[{""library"": ""مكتبة برنستون"", ""country"": ""الولايات المتحدة الأمريكية"", ""city"": ""برنستون"", ""catalog_num"": ""٨٤ l""}]"
١٢٠٢٩٥,"[{""library"": ""مركز الملك فيصل للبحوث والدراسات الاسلامية"", ""country"": ""المملكة العربية السعودية"", ""city"": ""الرياض"", ""catalog_num"": ""ب ١٧٩٣٧""}]"
١٢٠٢٩٦,"[{""library"": ""مركز الملك فيصل للبحوث والدراسات الاسلامية"", ""country"": ""المملكة العربية السعودية"", ""city"": ""الرياض"", ""catalog_num"": ""ب ١٧٩٣٨-١٧٩٣٩""}]"
١٢٠٢٩٧,"[{""library"": ""مركز الملك فيصل للبحوث والدراسات الاسلامية"", ""country"": ""المملكة العربية السعودية"", ""city"": ""الرياض"", ""catalog_num"": ""ب ١٧٩٣٩""}]"
١٢٠٢٩٨,"[{""library"": ""مركز الملك فيصل للبحوث والدراسات الاسلامية"", ""country"": ""المملكة العربية السعودية"", ""city"": ""الرياض"", ""catalog_num"": ""ب ١٧٩٣٩-١٧٩٤٠""}]"
١٢٠٢٩٩,"[{""library"": ""مركز الملك فيصل للبحوث والدراسات الاسلامية"", ""country"": ""المملكة العربية السعودية"", ""city"": ""الرياض"", ""catalog_num"": ""ب ١٧٩٤١""}]"
١٢٠٣٠٠,"[{""library"": ""مركز الملك فيصل للبحوث والدراسات الاسلامية"", ""country"": ""المملكة العربية السعودية"", ""city"": ""الرياض"", ""catalog_num"": ""ب ١٧٩٤٢""}]"
١٢٠٣٠١,"[{""library"": ""مركز الملك فيصل للبحوث والدراسات الاسلامية"", ""country"": ""المملكة العربية السعودية"", ""city"": ""الرياض"", ""catalog_num"": ""ب ١٧٩٤٣-١٧٩٥٠""}]"
١٢٠٣٠٢,"[{""library"": ""مركز الملك فيصل للبحوث والدراسات الاسلامية"", ""country"": ""المملكة العربية السعودية"", ""city"": ""الرياض"", ""catalog_num"": ""ب ١٧٩٥١-١٧٩٥٤""}]"
١٢٠٣٠٣,"[{""library"": ""مكتبة برنستون"", ""country"": ""الولايات المتحدة الأمريكية"", ""city"": ""برنستون"", ""catalog_num"": ""٢٢٨٧""}]"
١٢٠٣٠٤,"[{""library"": ""مركز الملك فيصل للبحوث والدراسات الاسلامية"", ""country"": ""المملكة العربية السعودية"", ""city"": ""الرياض"", ""catalog_num"": ""ب ١٧٩٥٥""}]"
١٢٠٣٠٦,"[{""library"": ""مركز الملك فيصل للبحوث والدراسات الاسلامية"", ""country"": ""المملكة العربية السعودية"", ""city"": ""الرياض"", ""catalog_num"": ""ب ١٧٩٥٦-١٧٩٥٧""}]"
١٢٠٣١٢,"[{""library"": ""مركز الملك فيصل للبحوث والدراسات الاسلامية"", ""country"": ""المملكة العربية السعودية"", ""city"": ""الرياض"", ""catalog_num"": ""ب ١٧٩٥٨""}]"
١٢٠٣١٥,"[{""library"": ""مركز الملك فيصل للبحوث والدراسات الاسلامية"", ""country"": ""المملكة العربية السعودية"", ""city"": ""الرياض"", ""catalog_num"": ""ب ١٧٩٥٨-١٧٩٥٩""}]"
١٢٠٣١٦,"[{""library"": ""مركز الملك فيصل للبحوث والدراسات الاسلامية"", ""country"": ""المملكة العربية السعودية"", ""city"": ""الرياض"", ""catalog_num"": ""ب ١٧٩٥٩-١٧٩٦٠""}]"
١٢٠٣١٧,"[{""library"": ""مركز الملك فيصل للبحوث والدراسات الاسلامية"", ""country"": ""المملكة العربية السعودية"", ""city"": ""الرياض"", ""catalog_num"": ""ب ١٧٩٦٠-١٧٩٦١""}]"
١٢٠٣١٨,"[{""library"": ""مركز الملك فيصل للبحوث والدراسات الاسلامية"", ""country"": ""المملكة العربية السعودية"", ""city"": ""الرياض"", ""catalog_num"": ""ب ١٧٩٦٢""}]"
١٢٠٣١٩,"[{""library"": ""مركز الملك فيصل للبحوث والدراسات الاسلامية"", ""country"": ""المملكة العربية السعودية"", ""city"": ""الرياض"", ""catalog_num"": ""ب ١٧٩٦٢""}]"
١٢٠٣٢٠,"[{""library"": ""مركز الملك فيصل للبحوث والدراسات الاسلامية"", ""country"": ""المملكة العربية السعودية"", ""city"": ""الرياض"", ""catalog_num"": ""ب ١٧٩٦٢""}]"
١٢٠٣٢١,"[{""library"": ""مركز الملك فيصل للبحوث والدراسات الاسلامية"", ""country"": ""المملكة العربية السعودية"", ""city"": ""الرياض"", ""catalog_num"": ""ب ١٧٩٦٢""}]"
١٢٠٣٢٢,"[{""library"": ""مركز الملك فيصل للبحوث والدراسات الاسلامية"", ""country"": ""المملكة العربية السعودية"", ""city"": ""الرياض"", ""catalog_num"": ""ب ١٧٩٦٢-١٧٩٦٣""}]"
١٢٠٣٢٣,"[{""library"": ""مكتبة برنستون"", ""country"": ""الولايات المتحدة الأمريكية"", ""city"": ""برنستون"", ""catalog_num"": ""٧٦٤ h""}]"
١٢٠٣٤٠,"[{""library"": ""مركز الملك فيصل للبحوث والدراسات الاسلامية"", ""country"": ""المملكة العربية السعودية"", ""city"": ""الرياض"", ""catalog_num"": ""٠٢٩١٠-٨""}]"
١٢٠٣٤٢,"[{""library"": ""مكتبة برنستون"", ""country"": ""الولايات المتحدة الأمريكية"", ""city"": ""برنستون"", ""catalog_num"": ""٤٢٠٦,٤٥٢٨""}]"
١٢٠٣٤٣,"[{""library"": ""مكتبة برنستون"", ""country"": ""الولايات المتحدة الأمريكية"", ""city"": ""برنستون"", ""catalog_num"": ""٣٦٨٦""}]"
١٢٠٣٤٥,"[{""library"": ""مركز الملك فيصل للبحوث والدراسات الاسلامية"", ""country"": ""المملكة العربية السعودية"", ""city"": ""الرياض"", ""catalog_num"": ""٠٣٢٧٩-١""}]"
١٢٠٣٤٦,"[{""library"": ""مكتبة برنستون"", ""country"": ""الولايات المتحدة الأمريكية"", ""city"": ""برنستون"", ""catalog_num"": ""١٩٥٧""}]"
١٢٠٣٤٧,"[{""library"": ""مركز الملك فيصل للبحوث والدراسات الاسلامية"", ""country"": ""المملكة العربية السعودية"", ""city"": ""الرياض"", ""catalog_num"": ""ب ١٧٩٦٤""}]"
١٢٠٣٤٨,"[{""library"": ""مكتبة برنستون"", ""country"": ""الولايات المتحدة الأمريكية"", ""city"": ""برنستون"", ""catalog_num"": ""٥٢٤١""}]"
١٢٠٣٤٩,"[{""library"": ""مركز الملك فيصل للبحوث والدراسات الاسلامية"", ""country"": ""المملكة العربية السعودية"", ""city"": ""الرياض"", ""catalog_num"": ""ب ١٧٩٦٤""}]"
١٢٠٣٥٠,"[{""library"": ""مركز الملك فيصل للبحوث والدراسات الاسلامية"", ""country"": ""المملكة العربية السعودية"", ""city"": ""الرياض"", ""catalog_num"": ""ب ١٧٩٦٥""}]"
١٢٠٣٥١,"[{""library"": ""مركز الملك فيصل للبحوث والدراسات الاسلامية"", ""country"": ""المملكة العربية السعودية"", ""city"": ""الرياض"", ""catalog_num"": ""ب ١٧٩٦٥-١٧٩٦٩""}]"
١٢٠٣٥٢,"[{""library"": ""مكتبة برنستون"", ""country"": ""الولايات المتحدة الأمريكية"", ""city"": ""برنستون"", ""catalog_num"": ""٤٣٠٤""}]"
١٢٠٣٥٣,"[{""library"": ""مركز الملك فيصل للبحوث والدراسات الاسلامية"", ""country"": ""المملكة العربية السعودية"", ""city"": ""الرياض"", ""catalog_num"": ""ب ١٧٩٧٠-١٧٩٧٦""}]"
١٢٠٣٥٤,"[{""library"": ""مكتبة برنستون"", ""country"": ""الولايات المتحدة الأمريكية"", ""city"": ""برنستون"", ""catalog_num"": ""١٠٦٠""}]"
١٢٠٣٥٥,"[{""library"": ""مركز الملك فيصل للبحوث والدراسات الاسلامية"", ""country"": ""المملكة العربية السعودية"", ""city"": ""الرياض"", ""catalog_num"": ""ب ١٧٩٧٧-١٧٩٨١""}]"
١٢٠٣٥٦,"[{""library"": ""مكتبة برنستون"", ""country"": ""الولايات المتحدة الأمريكية"", ""city"": ""برنستون"", ""catalog_num"": ""٩٠١""}]"
١٢٠٣٥٧,"[{""library"": ""مركز الملك فيصل للبحوث والدراسات الاسلامية"", ""country"": ""المملكة العربية السعودية"", ""city"": ""الرياض"", ""catalog_num"": ""ب ١٧٩٨٢""}]"
١٢٠٣٥٨,"[{""library"": ""مكتبة برنستون"", ""country"": ""الولايات المتحدة الأمريكية"", ""city"": ""برنستون"", ""catalog_num"": ""١٠٤٥""}]"
١٢٠٣٥٩,"[{""library"": ""مركز الملك فيصل للبحوث والدراسات الاسلامية"", ""country"": ""المملكة العربية السعودية"", ""city"": ""الرياض"", ""catalog_num"": ""ب ١٧٩٨٣""}]"
١٢٠٣٦٠,"[{""library"": ""مكتبة برنستون"", ""country"": ""الولايات المتحدة الأمريكية"", ""city"": ""برنستون"", ""catalog_num"": ""١٠٩٢""}]"
١٢٠٣٦١,"[{""library"": ""مكتبة برنستون"", ""country"": ""الولايات المتحدة الأمريكية"", ""city"": ""برنستون"", ""catalog_num"": ""١١٤٣""}]"
١٢٠٣٦٢,"[{""library"": ""مكتبة برنستون"", ""country"": ""الولايات المتحدة الأمريكية"", ""city"": ""برنستون"", ""catalog_num"": ""١٩٦٥""}]"
١٢٠٣٦٣,"[{""library"": ""مكتبة برنستون"", ""country"": ""الولايات المتحدة الأمريكية"", ""city"": ""برنستون"", ""catalog_num"": ""١٩٧١""}]"
١٢٠٣٦٤,"[{""library"": ""مكتبة برنستون"", ""country"": ""الولايات المتحدة الأمريكية"", ""city"": ""برنستون"", ""catalog_num"": ""١١٣٦ h""}]"
١٢٠٣٦٥,"[{""library"": ""مركز الملك فيصل للبحوث والدراسات الاسلامية"", ""country"": ""المملكة العربية السعودية"", ""city"": ""الرياض"", ""catalog_num"": ""ب ١٧٩٨٤""}]"
١٢٠٣٦٦,"[{""library"": ""مركز الملك فيصل للبحوث والدراسات الاسلامية"", ""country"": ""المملكة العربية السعودية"", ""city"": ""الرياض"", ""catalog_num"": ""ب ١٧٩٨٤-١٧٩٨٥""}]"
١٢٠٣٦٧,"[{""library"": ""مركز الملك فيصل للبحوث والدراسات الاسلامية"", ""country"": ""المملكة العربية السعودية"", ""city"": ""الرياض"", ""catalog_num"": ""ب ١٧٩٨٦""}]"
١٢٠٣٦٨,"[{""library"": ""مركز الملك فيصل للبحوث والدراسات الاسلامية"", ""country"": ""المملكة العربية السعودية"", ""city"": ""الرياض"", ""catalog_num"": ""ب ١٧٩٨٦""}]"
١٢٠٣٧٠,"[{""library"": ""مكتبة برنستون"", ""country"": ""الولايات المتحدة الأمريكية"", ""city"": ""برنستون"", ""catalog_num"": ""٢٥ l""}]"
١٢٠٣٧٣,"[{""library"": ""مكتبة برنستون"", ""country"": ""الولايات المتحدة الأمريكية"", ""city"": ""برنستون"", ""catalog_num"": ""٥١٢٨""}]"
١٢٠٣٧٥,"[{""library"": ""مكتبة برنستون"", ""country"": ""الولايات المتحدة الأمريكية"", ""city"": ""برنستون"", ""catalog_num"": ""٢٠٣ b""}]"
١٢٠٣٨٨,"[{""library"": ""مكتبة برنستون"", ""country"": ""الولايات المتحدة الأمريكية"", ""city"": ""برنستون"", ""catalog_num"": ""٤٤٠٢""}]"
١٢٠٣٩٠,"[{""library"": ""مكتبة برنستون"", ""country"": ""الولايات المتحدة الأمريكية"", ""city"": ""برنستون"", ""catalog_num"": ""٥٩١٢""}]"
١٢٠٣٩١,"[{""library"": ""مركز الملك فيصل للبحوث والدراسات الاسلامية"", ""country"": ""المملكة العربية السعودية"", ""city"": ""الرياض"", ""catalog_num"": ""ب ١٧٩٨٦""}]"
١٢٠٣٩٢,"[{""library"": ""مركز الملك فيصل للبحوث والدراسات الاسلامية"", ""country"": ""المملكة العربية السعودية"", ""city"": ""الرياض"", ""catalog_num"": ""ب ١٧٩٨٦-١٧٩٨٧""}]"
١٢٠٣٩٣,"[{""library"": ""مركز الملك فيصل للبحوث والدراسات الاسلامية"", ""country"": ""المملكة العربية السعودية"", ""city"": ""الرياض"", ""catalog_num"": ""ب ١٧٩٨٨""}]"
١٢٠٣٩٤,"[{""library"": ""مركز الملك فيصل للبحوث والدراسات الاسلامية"", ""country"": ""المملكة العربية السعودية"", ""city"": ""الرياض"", ""catalog_num"": ""ب ١٧٩٨٨""}]"
١٢٠٣٩٥,"[{""library"": ""مركز الملك فيصل للبحوث والدراسات الاسلامية"", ""country"": ""المملكة العربية السعودية"", ""city"": ""الرياض"", ""catalog_num"": ""ب ١٧٩٨٨""}]"
١٢٠٣٩٦,"[{""library"": ""مكتبة برنستون"", ""country"": ""الولايات المتحدة الأمريكية"", ""city"": ""برنستون"", ""catalog_num"": ""٣١٩٩""}]"
١٢٠٤٠٣,"[{""library"": ""مكتبة برنستون"", ""country"": ""الولايات المتحدة الأمريكية"", ""city"": ""برنستون"", ""catalog_num"": ""٣٨٣٦""}]"
١٢٠٤٠٦,"[{""library"": ""مكتبة برنستون"", ""country"": ""الولايات المتحدة الأمريكية"", ""city"": ""برنستون"", ""catalog_num"": ""٥٨٤٥""}]"
١٢٠٤١٢,"[{""library"": ""مكتبة برنستون"", ""country"": ""الولايات المتحدة الأمريكية"", ""city"": ""برنستون"", ""catalog_num"": ""٣٣٤٢""}]"
١٢٠٤١٩,"[{""library"": ""مركز الملك فيصل للبحوث والدراسات الاسلامية"", ""country"": ""المملكة العربية السعودية"", ""city"": ""الرياض"", ""catalog_num"": ""١٢٥٥٧-٢""}]"
١٢٠٤٢٢,"[{""library"": ""مركز الملك فيصل للبحوث والدراسات الاسلامية"", ""country"": ""المملكة العربية السعودية"", ""city"": ""الرياض"", ""catalog_num"": ""ب ١٧٩٨٩-١٧٩٩١""}]"
١٢٠٤٢٣,"[{""library"": ""مكتبة برنستون"", ""country"": ""الولايات المتحدة الأمريكية"", ""city"": ""برنستون"", ""catalog_num"": ""٢٧٩٣,٤٥٩٥""}]"
١٢٠٤٢٤,"[{""library"": ""مركز الملك فيصل للبحوث والدراسات الاسلامية"", ""country"": ""المملكة العربية السعودية"", ""city"": ""الرياض"", ""catalog_num"": ""ب ١٧٩٩١""}]"
١٢٠٤٢٥,"[{""library"": ""مركز الملك فيصل للبحوث والدراسات الاسلامية"", ""country"": ""المملكة العربية السعودية"", ""city"": ""الرياض"", ""catalog_num"": ""ب ١٧٩٩٢""}]"
١٢٠٤٢٦,"[{""library"": ""مكتبة برنستون"", ""country"": ""الولايات المتحدة الأمريكية"", ""city"": ""برنستون"", ""catalog_num"": ""٣٧٢٣""}]"
١٢٠٤٢٧,"[{""library"": ""مركز الملك فيصل للبحوث والدراسات الاسلامية"", ""country"": ""المملكة العربية السعودية"", ""city"": ""الرياض"", ""catalog_num"": ""ب ١٧٩٩٣""}]"
١٢٠٤٢٨,"[{""library"": ""مركز الملك فيصل للبحوث والدراسات الاسلامية"", ""country"": ""المملكة العربية السعودية"", ""city"": ""الرياض"", ""catalog_num"": ""ب ١٧٩٩٤""}]"
١٢٠٤٢٩,"[{""library"": ""مركز الملك فيصل للبحوث والدراسات الاسلامية"", ""country"": ""المملكة العربية السعودية"", ""city"": ""الرياض"", ""catalog_num"": ""ب ١٧٩٩٤""}]"
١٢٠٤٣٠,"[{""library"": ""مكتبة برنستون"", ""country"": ""الولايات المتحدة الأمريكية"", ""city"": ""برنستون"", ""catalog_num"": ""٤٢١٤""}]"
١٢٠٤٣٥,"[{""library"": ""مكتبة برنستون"", ""country"": ""الولايات المتحدة الأمريكية"", ""city"": ""برنستون"", ""catalog_num"": ""٢٣٥,٤٢٢٥""}]"
١٢٠٤٤٠,"[{""library"": ""مكتبة برنستون"", ""country"": ""الولايات المتحدة الأمريكية"", ""city"": ""برنستون"", ""catalog_num"": ""٤١٧٩,٤٦٥٤""}]"
١٢٠٤٤٣,"[{""library"": ""مكتبة برنستون"", ""country"": ""الولايات المتحدة الأمريكية"", ""city"": ""برنستون"", ""catalog_num"": ""٤١٩""}]"
١٢٠٤٤٦,"[{""library"": ""مكتبة برنستون"", ""country"": ""الولايات المتحدة الأمريكية"", ""city"": ""برنستون"", ""catalog_num"": ""٣٢١٧""}]"
١٢٠٤٤٩,"[{""library"": ""مكتبة برنستون"", ""country"": ""الولايات المتحدة الأمريكية"", ""city"": ""برنستون"", ""catalog_num"": ""٢٦٤٩""}]"
١٢٠٤٥٠,"[{""library"": ""مكتبة برنستون"", ""country"": ""الولايات المتحدة الأمريكية"", ""city"": ""برنستون"", ""catalog_num"": ""٤٥٢٦""}]"
١٢٠٤٥٧,"[{""library"": ""مركز الملك فيصل للبحوث والدراسات الاسلامية"", ""country"": ""المملكة العربية السعودية"", ""city"": ""الرياض"", ""catalog_num"": ""١٢٧١١-٥""}]"
١٢٠٤٦٠,"[{""library"": ""مركز الملك فيصل للبحوث والدراسات الاسلامية"", ""country"": ""المملكة العربية السعودية"", ""city"": ""الرياض"", ""catalog_num"": ""ب ١٧٩٩٥""}]"
١٢٠٤٦٣,"[{""library"": ""مركز الملك فيصل للبحوث والدراسات الاسلامية"", ""country"": ""المملكة العربية السعودية"", ""city"": ""الرياض"", ""catalog_num"": ""ب ١٧٩٩٥""}]"
١٢٠٤٦٤,"[{""library"": ""مركز الملك فيصل للبحوث والدراسات الاسلامية"", ""country"": ""المملكة العربية السعودية"", ""city"": ""الرياض"", ""catalog_num"": ""ب ١٧٩٩٧-١٨٠٠١/A""}]"
١٢٠٤٦٥,"[{""library"": ""مركز الملك فيصل للبحوث والدراسات الاسلامية"", ""country"": ""المملكة العربية السعودية"", ""city"": ""الرياض"", ""catalog_num"": ""١٢٧١٩-١""}]"
١٢٠٤٦٧,"[{""library"": ""مركز الملك فيصل للبحوث والدراسات الاسلامية"", ""country"": ""المملكة العربية السعودية"", ""city"": ""الرياض"", ""catalog_num"": ""ب ١٨٠٠٢-١٨٠٠٣""}]"
١٢٠٤٦٨,"[{""library"": ""مكتبة برنستون"", ""country"": ""الولايات المتحدة الأمريكية"", ""city"": ""برنستون"", ""catalog_num"": ""١١٢٥,١٣٠٤""}]"
١٢٠٤٦٩,"[{""library"": ""مركز الملك فيصل للبحوث والدراسات الاسلامية"", ""country"": ""المملكة العربية السعودية"", ""city"": ""الرياض"", ""catalog_num"": ""ب ١٨٠٠٤""}]"
١٢٠٤٧٠,"[{""library"": ""مركز الملك فيصل للبحوث والدراسات الاسلامية"", ""country"": ""المملكة العربية السعودية"", ""city"": ""الرياض"", ""catalog_num"": ""ب ١٨٠٠٥-١٨٠٠٧""}]"
١٢٠٤٧١,"[{""library"": ""مركز الملك فيصل للبحوث والدراسات الاسلامية"", ""country"": ""المملكة العربية السعودية"", ""city"": ""الرياض"", ""catalog_num"": ""ب ١٨٠٠٨-١٨٠٠٩""}]"
١٢٠٤٧٢,"[{""library"": ""مركز الملك فيصل للبحوث والدراسات الاسلامية"", ""country"": ""المملكة العربية السعودية"", ""city"": ""الرياض"", ""catalog_num"": ""ب ١٨٠١٠-١٨٠١٢""}]"
١٢٠٤٧٣,"[{""library"": ""مكتبة برنستون"", ""country"": ""الولايات المتحدة الأمريكية"", ""city"": ""برنستون"", ""catalog_num"": ""٥٤١""}]"
١٢٠٤٧٤,"[{""library"": ""مركز الملك فيصل للبحوث والدراسات الاسلامية"", ""country"": ""المملكة العربية السعودية"", ""city"": ""الرياض"", ""catalog_num"": ""ب ١٨٠١٣""}]"
١٢٠٤٧٥,"[{""library"": ""مكتبة برنستون"", ""country"": ""الولايات المتحدة الأمريكية"", ""city"": ""برنستون"", ""catalog_num"": ""٥١٦""}]"
١٢٠٤٧٦,"[{""library"": ""مركز الملك فيصل للبحوث والدراسات الاسلامية"", ""country"": ""المملكة العربية السعودية"", ""city"": ""الرياض"", ""catalog_num"": ""ب ١٨٠١٤""}]"
١٢٠٤٧٧,"[{""library"": ""مركز الملك فيصل للبحوث والدراسات الاسلامية"", ""country"": ""المملكة العربية السعودية"", ""city"": ""الرياض"", ""catalog_num"": ""ب ١٨٠١٥""}]"
١٢٠٤٧٨,"[{""library"": ""مركز الملك فيصل للبحوث والدراسات الاسلامية"", ""country"": ""المملكة العربية السعودية"", ""city"": ""الرياض"", ""catalog_num"": ""ب ١٨٠١٦-١٨٠٢٠""}]"
١٢٠٤٧٩,"[{""library"": ""مركز الملك فيصل للبحوث والدراسات الاسلامية"", ""country"": ""المملكة العربية السعودية"", ""city"": ""الرياض"", ""catalog_num"": ""ب ١٨٠٢١-١٨٠٢٤""}]"
١٢٠٤٨٠,"[{""library"": ""مركز الملك فيصل للبحوث والدراسات الاسلامية"", ""country"": ""المملكة العربية السعودية"", ""city"": ""الرياض"", ""catalog_num"": ""ب ١٨٠٢٥""}]"
١٢٠٤٨١,"[{""library"": ""مكتبة برنستون"", ""country"": ""الولايات المتحدة الأمريكية"", ""city"": ""برنستون"", ""catalog_num"": ""٥٩٦٠""}]"
١٢٠٤٨٢,"[{""library"": ""مركز الملك فيصل للبحوث والدراسات الاسلامية"", ""country"": ""المملكة العربية السعودية"", ""city"": ""الرياض"", ""catalog_num"": ""ب ١٨٠٢٦""}]"
١٢٠٤٨٣,"[{""library"": ""مركز الملك فيصل للبحوث والدراسات الاسلامية"", ""country"": ""المملكة العربية السعودية"", ""city"": ""الرياض"", ""catalog_num"": ""ب ١٨٠٢٧""}]"
١٢٠٤٨٤,"[{""library"": ""مركز الملك فيصل للبحوث والدراسات الاسلامية"", ""country"": ""المملكة العربية السعودية"", ""city"": ""الرياض"", ""catalog_num"": ""ب ١٨٠٢٨-١٨٠٢٩""}]"
١٢٠٤٨٥,"[{""library"": ""مركز الملك فيصل للبحوث والدراسات الاسلامية"", ""country"": ""المملكة العربية السعودية"", ""city"": ""الرياض"", ""catalog_num"": ""١١٤٥٩-٦""}]"
١٢٠٤٨٦,"[{""library"": ""مكتبة برنستون"", ""country"": ""الولايات المتحدة الأمريكية"", ""city"": ""برنستون"", ""catalog_num"": ""٤٥٢٤""}]"
١٢٠٤٩٠,"[{""library"": ""مكتبة برنستون"", ""country"": ""الولايات المتحدة الأمريكية"", ""city"": ""برنستون"", ""catalog_num"": ""٩٣""}]"
١٢٠٤٩٤,"[{""library"": ""مركز الملك فيصل للبحوث والدراسات الاسلامية"", ""country"": ""المملكة العربية السعودية"", ""city"": ""الرياض"", ""catalog_num"": ""٠٩٧٤٣-٣""}]"
١٢٠٤٩٩,"[{""library"": ""مكتبة برنستون"", ""country"": ""الولايات المتحدة الأمريكية"", ""city"": ""برنستون"", ""catalog_num"": ""١٣٩٩""}]"
١٢٠٥٠٠,"[{""library"": ""مكتبة برنستون"", ""country"": ""الولايات المتحدة الأمريكية"", ""city"": ""برنستون"", ""catalog_num"": ""٧٥٩""}]"
١٢٠٥٠١,"[{""library"": ""مكتبة برنستون"", ""country"": ""الولايات المتحدة الأمريكية"", ""city"": ""برنستون"", ""catalog_num"": ""٩١٥ h""}]"
١٢٠٥٠٢,"[{""library"": ""مكتبة برنستون"", ""country"": ""الولايات المتحدة الأمريكية"", ""city"": ""برنستون"", ""catalog_num"": ""٣٩٤١""}]"
١٢٠٥٠٣,"[{""library"": ""مكتبة برنستون"", ""country"": ""الولايات المتحدة الأمريكية"", ""city"": ""برنستون"", ""catalog_num"": ""٥٤١٤""}]"
١٢٠٥٠٨,"[{""library"": ""مركز الملك فيصل للبحوث والدراسات الاسلامية"", ""country"": ""المملكة العربية السعودية"", ""city"": ""الرياض"", ""catalog_num"": ""ب ١٨٠٣٠""}]"
١٢٠٥٠٩,"[{""library"": ""مكتبة برنستون"", ""country"": ""الولايات المتحدة الأمريكية"", ""city"": ""برنستون"", ""catalog_num"": ""١٥٠,٨٧٤""}]"
١٢٠٥١٠,"[{""library"": ""مركز الملك فيصل للبحوث والدراسات الاسلامية"", ""country"": ""المملكة العربية السعودية"", ""city"": ""الرياض"", ""catalog_num"": ""ب ١٨٠٣٠-١٨٠٣١""}]"
١٢٠٥١١,"[{""library"": ""مكتبة برنستون"", ""country"": ""الولايات المتحدة الأمريكية"", ""city"": ""برنستون"", ""catalog_num"": ""٦٦١""}]"
١٢٠٥١٢,"[{""library"": ""مكتبة برنستون"", ""country"": ""الولايات المتحدة الأمريكية"", ""city"": ""برنستون"", ""catalog_num"": ""٦٤٤""}]"
١٢٠٥١٣,"[{""library"": ""مركز الملك فيصل للبحوث والدراسات الاسلامية"", ""country"": ""المملكة العربية السعودية"", ""city"": ""الرياض"", ""catalog_num"": ""ب ١٨٠٣٢""}]"
١٢٠٥١٤,"[{""library"": ""مركز الملك فيصل للبحوث والدراسات الاسلامية"", ""country"": ""المملكة العربية السعودية"", ""city"": ""الرياض"", ""catalog_num"": ""ب ١٨٠٣٣-١٨٠٣٤""}]"
١٢٠٥١٥,"[{""library"": ""مركز الملك فيصل للبحوث والدراسات الاسلامية"", ""country"": ""المملكة العربية السعودية"", ""city"": ""الرياض"", ""catalog_num"": ""ب ١٨٠٣٥""}]"
١٢٠٥١٦,"[{""library"": ""مكتبة برنستون"", ""country"": ""الولايات المتحدة الأمريكية"", ""city"": ""برنستون"", ""catalog_num"": ""٣٠٦٦""}]"
١٢٠٥١٧,"[{""library"": ""مركز الملك فيصل للبحوث والدراسات الاسلامية"", ""country"": ""المملكة العربية السعودية"", ""city"": ""الرياض"", ""catalog_num"": ""ب ١٨٠٣٦""}]"
١٢٠٥١٨,"[{""library"": ""مكتبة برنستون"", ""country"": ""الولايات المتحدة الأمريكية"", ""city"": ""برنستون"", ""catalog_num"": ""١٠٣٧""}]"
١٢٠٥١٩,"[{""library"": ""مركز الملك فيصل للبحوث والدراسات الاسلامية"", ""country"": ""المملكة العربية السعودية"", ""city"": ""الرياض"", ""catalog_num"": ""ب ١٨٠٣٧-١٨٠٣٨""}]"
١٢٠٥٢١,"[{""library"": ""مكتبة برنستون"", ""country"": ""الولايات المتحدة الأمريكية"", ""city"": ""برنستون"", ""catalog_num"": ""٣٧٤٠""}]"
١٢٠٥٢٤,"[{""library"": ""مركز الملك فيصل للبحوث والدراسات الاسلامية"", ""country"": ""المملكة العربية السعودية"", ""city"": ""الرياض"", ""catalog_num"": ""١٢٤٨٩-٨""}]"
١٢٠٥٣٤,"[{""library"": ""مركز الملك فيصل للبحوث والدراسات الاسلامية"", ""country"": ""المملكة العربية السعودية"", ""city"": ""الرياض"", ""catalog_num"": ""١٢٤٨٩-٩""}]"
١٢٠٥٤١,"[{""library"": ""مركز الملك فيصل للبحوث والدراسات الاسلامية"", ""country"": ""المملكة العربية السعودية"", ""city"": ""الرياض"", ""catalog_num"": ""١٢٤٨٩-١٠""}]"
١٢٠٥٤٣,"[{""library"": ""مركز الملك فيصل للبحوث والدراسات الاسلامية"", ""country"": ""المملكة العربية السعودية"", ""city"": ""الرياض"", ""catalog_num"": ""٠٩٣٧٦-٦""}]"
١٢٠٥٤٤,"[{""library"": ""مكتبة برنستون"", ""country"": ""الولايات المتحدة الأمريكية"", ""city"": ""برنستون"", ""catalog_num"": ""بدون""}]"
١٢٠٥٤٥,"[{""library"": ""مكتبة برنستون"", ""country"": ""الولايات المتحدة الأمريكية"", ""city"": ""برنستون"", ""catalog_num"": ""٧٩""}]"
١٢٠٥٤٧,"[{""library"": ""مكتبة برنستون"", ""country"": ""الولايات المتحدة الأمريكية"", ""city"": ""برنستون"", ""catalog_num"": ""٥٧٩,٨٨٥""}]"
١٢٠٥٥٢,"[{""library"": ""مكتبة برنستون"", ""country"": ""الولايات المتحدة الأمريكية"", ""city"": ""برنستون"", ""catalog_num"": ""٤٦٠٩""}]"
١٢٠٥٥٤,"[{""library"": ""مكتبة برنستون"", ""country"": ""الولايات المتحدة الأمريكية"", ""city"": ""برنستون"", ""catalog_num"": ""٥٤١٥""}]"
١٢٠٥٥٧,"[{""library"": ""مكتبة برنستون"", ""country"": ""الولايات المتحدة الأمريكية"", ""city"": ""برنستون"", ""catalog_num"": ""٣١٨١""}]"
١٢٠٥٥٩,"[{""library"": ""مركز الملك فيصل للبحوث والدراسات الاسلامية"", ""country"": ""المملكة العربية السعودية"", ""city"": ""الرياض"", ""catalog_num"": ""ب ١٨٠٣٩-١٨٠٤٠""}]"
١٢٠٥٦٠,"[{""library"": ""مركز الملك فيصل للبحوث والدراسات الاسلامية"", ""country"": ""المملكة العربية السعودية"", ""city"": ""الرياض"", ""catalog_num"": ""ب ١٨٠٤١-١٨٠٤٤""}]"
١٢٠٥٦١,"[{""library"": ""مركز الملك فيصل للبحوث والدراسات الاسلامية"", ""country"": ""المملكة العربية السعودية"", ""city"": ""الرياض"", ""catalog_num"": ""ب ١٨٠٤٥-١٨٠٤٩""}]"
١٢٠٥٦٢,"[{""library"": ""مكتبة برنستون"", ""country"": ""الولايات المتحدة الأمريكية"", ""city"": ""برنستون"", ""catalog_num"": ""٦٧٦""}]"
١٢٠٥٦٣,"[{""library"": ""مركز الملك فيصل للبحوث والدراسات الاسلامية"", ""country"": ""المملكة العربية السعودية"", ""city"": ""الرياض"", ""catalog_num"": ""ب ١٨٠٥٠-١٨٠٥٣""}]"
١٢٠٥٦٤,"[{""library"": ""مركز الملك فيصل للبحوث والدراسات الاسلامية"", ""country"": ""المملكة العربية السعودية"", ""city"": ""الرياض"", ""catalog_num"": ""٠٩٣٧٦-٧""}]"
١٢٠٥٦٥,"[{""library"": ""مكتبة برنستون"", ""country"": ""الولايات المتحدة الأمريكية"", ""city"": ""برنستون"", ""catalog_num"": ""١٩٢٧,٣٩٢٨""}]"
١٢٠٥٦٦,"[{""library"": ""مركز الملك فيصل للبحوث والدراسات الاسلامية"", ""country"": ""المملكة العربية السعودية"", ""city"": ""الرياض"", ""catalog_num"": ""ب ١٨٠٥٤-١٨٠٦٠""}]"
١٢٠٥٦٧,"[{""library"": ""مكتبة برنستون"", ""country"": ""الولايات المتحدة الأمريكية"", ""city"": ""برنستون"", ""catalog_num"": ""٤٦٦٨""}]"
١٢٠٥٦٨,"[{""library"": ""مكتبة برنستون"", ""country"": ""الولايات المتحدة الأمريكية"", ""city"": ""برنستون"", ""catalog_num"": ""٥٨٢٢""}]"
١٢٠٥٦٩,"[{""library"": ""مكتبة برنستون"", ""country"": ""الولايات المتحدة الأمريكية"", ""city"": ""برنستون"", ""catalog_num"": ""٨٦٥ h""}]"
١٢٠٥٧١,"[{""library"": ""مركز الملك فيصل للبحوث والدراسات الاسلامية"", ""country"": ""المملكة العربية السعودية"", ""city"": ""الرياض"", ""catalog_num"": ""ب ١٨٠٦١-١٨٠٦٤""}]"
١٢٠٥٧٢,"[{""library"": ""مركز الملك فيصل للبحوث والدراسات الاسلامية"", ""country"": ""المملكة العربية السعودية"", ""city"": ""الرياض"", ""catalog_num"": ""٠٩٣٧٦-٨""}]"
١٢٠٥٧٣,"[{""library"": ""مكتبة برنستون"", ""country"": ""الولايات المتحدة الأمريكية"", ""city"": ""برنستون"", ""catalog_num"": ""٤٧٦٨""}]"
١٢٠٥٧٧,"[{""library"": ""مكتبة برنستون"", ""country"": ""الولايات المتحدة الأمريكية"", ""city"": ""برنستون"", ""catalog_num"": ""١٩٦١""}]"
١٢٠٥٨٥,"[{""library"": ""مركز الملك فيصل للبحوث والدراسات الاسلامية"", ""country"": ""المملكة العربية السعودية"", ""city"": ""الرياض"", ""catalog_num"": ""ب ١٨٠٦٥-١٨٠٦٧""}]"
١٢٠٥٨٦,"[{""library"": ""مركز الملك فيصل للبحوث والدراسات الاسلامية"", ""country"": ""المملكة العربية السعودية"", ""city"": ""الرياض"", ""catalog_num"": ""ب ١٨٠٦٨-١٨٠٦٩""}]"
١٢٠٥٨٧,"[{""library"": ""مركز الملك فيصل للبحوث والدراسات الاسلامية"", ""country"": ""المملكة العربية السعودية"", ""city"": ""الرياض"", ""catalog_num"": ""ب ١٨٠٧٠""}]"
١٢٠٥٨٨,"[{""library"": ""مركز الملك فيصل للبحوث والدراسات الاسلامية"", ""country"": ""المملكة العربية السعودية"", ""city"": ""الرياض"", ""catalog_num"": ""ب ١٨٠٧١-١٨٠٧٢""}]"
١٢٠٥٨٩,"[{""library"": ""مركز الملك فيصل للبحوث والدراسات الاسلامية"", ""country"": ""المملكة العربية السعودية"", ""city"": ""الرياض"", ""catalog_num"": ""ب ١٨٠٧٣-١٨٠٧٦""}]"
١٢٠٥٩٠,"[{""library"": ""مركز الملك فيصل للبحوث والدراسات الاسلامية"", ""country"": ""المملكة العربية السعودية"", ""city"": ""الرياض"", ""catalog_num"": ""ب ١٨٠٧٧-١٨٠٧٨""}]"
١٢٠٥٩١,"[{""library"": ""مركز الملك فيصل للبحوث والدراسات الاسلامية"", ""country"": ""المملكة العربية السعودية"", ""city"": ""الرياض"", ""catalog_num"": ""ب ١٨٠٧٩-١٨٠٨١""}]"
١٢٠٥٩٢,"[{""library"": ""مكتبة برنستون"", ""country"": ""الولايات المتحدة الأمريكية"", ""city"": ""برنستون"", ""catalog_num"": ""٥٤٣٩""}]"
١٢٠٥٩٣,"[{""library"": ""مركز الملك فيصل للبحوث والدراسات الاسلامية"", ""country"": ""المملكة العربية السعودية"", ""city"": ""الرياض"", ""catalog_num"": ""ب ١٨٠٨٢-١٨٠٨٦""}]"
١٢٠٥٩٤,"[{""library"": ""مركز الملك فيصل للبحوث والدراسات الاسلامية"", ""country"": ""المملكة العربية السعودية"", ""city"": ""الرياض"", ""catalog_num"": ""ب ١٨٠٨٧""}]"
١٢٠٥٩٥,"[{""library"": ""مركز الملك فيصل للبحوث والدراسات الاسلامية"", ""country"": ""المملكة العربية السعودية"", ""city"": ""الرياض"", ""catalog_num"": ""ب ١٨٠٨٨-١٨٠٩١""}]"
١٢٠٥٩٦,"[{""library"": ""مركز الملك فيصل للبحوث والدراسات الاسلامية"", ""country"": ""المملكة العربية السعودية"", ""city"": ""الرياض"", ""catalog_num"": ""٠٦٦٥٨-٧""}]"
١٢٠٥٩٧,"[{""library"": ""مركز الملك فيصل للبحوث والدراسات الاسلامية"", ""country"": ""المملكة العربية السعودية"", ""city"": ""الرياض"", ""catalog_num"": ""ب ١٨٠٩٢-١٨٠٩٧""}]"
١٢٠٥٩٨,"[{""library"": ""مكتبة برنستون"", ""country"": ""الولايات المتحدة الأمريكية"", ""city"": ""برنستون"", ""catalog_num"": ""٢٧٥٦""}]"
١٢٠٥٩٩,"[{""library"": ""مركز الملك فيصل للبحوث والدراسات الاسلامية"", ""country"": ""المملكة العربية السعودية"", ""city"": ""الرياض"", ""catalog_num"": ""ب ١٨٠٩٨""}]"
١٢٠٦٠٠,"[{""library"": ""مركز الملك فيصل للبحوث والدراسات الاسلامية"", ""country"": ""المملكة العربية السعودية"", ""city"": ""الرياض"", ""catalog_num"": ""ب ١٨٠٩٩-١٨١٠٣""}]"
١٢٠٦٠١,"[{""library"": ""مركز الملك فيصل للبحوث والدراسات الاسلامية"", ""country"": ""المملكة العربية السعودية"", ""city"": ""الرياض"", ""catalog_num"": ""ب ١٨١٠٤""}]"
١٢٠٦٠٢,"[{""library"": ""مركز الملك فيصل للبحوث والدراسات الاسلامية"", ""country"": ""المملكة العربية السعودية"", ""city"": ""الرياض"", ""catalog_num"": ""ب ١٨١٠٥""}]"
١٢٠٦٠٣,"[{""library"": ""مركز الملك فيصل للبحوث والدراسات الاسلامية"", ""country"": ""المملكة العربية السعودية"", ""city"": ""الرياض"", ""catalog_num"": ""٠٦٦٥٨-٦""}]"
١٢٠٦٠٤,"[{""library"": ""مركز الملك فيصل للبحوث والدراسات الاسلامية"", ""country"": ""المملكة العربية السعودية"", ""city"": ""الرياض"", ""catalog_num"": ""٠٦٦٥٨-٥""}]"
١٢٠٦٠٥,"[{""library"": ""مركز الملك فيصل للبحوث والدراسات الاسلامية"", ""country"": ""المملكة العربية السعودية"", ""city"": ""الرياض"", ""catalog_num"": ""٠٦٦٥٨-٤""}]"
١٢٠٦٠٦,"[{""library"": ""مكتبة برنستون"", ""country"": ""الولايات المتحدة الأمريكية"", ""city"": ""برنستون"", ""catalog_num"": ""٢٣٥ h""}]"
١٢٠٦٠٧,"[{""library"": ""مكتبة برنستون"", ""country"": ""الولايات المتحدة الأمريكية"", ""city"": ""برنستون"", ""catalog_num"": ""٤٣٩٩""}]"
١٢٠٦٠٨,"[{""library"": ""مكتبة برنستون"", ""country"": ""الولايات المتحدة الأمريكية"", ""city"": ""برنستون"", ""catalog_num"": ""٩٠٣ h""}]"
١٢٠٦١٩,"[{""library"": ""مركز الملك فيصل للبحوث والدراسات الاسلامية"", ""country"": ""المملكة العربية السعودية"", ""city"": ""الرياض"", ""catalog_num"": ""٠٦٦٥٨-٣""}]"
١٢٠٦٢٣,"[{""library"": ""مركز الملك فيصل للبحوث والدراسات الاسلامية"", ""country"": ""المملكة العربية السعودية"", ""city"": ""الرياض"", ""catalog_num"": ""٠٦٦٥٨-٢""}]"
١٢٠٦٣٦,"[{""library"": ""مركز الملك فيصل للبحوث والدراسات الاسلامية"", ""country"": ""المملكة العربية السعودية"", ""city"": ""الرياض"", ""catalog_num"": ""ب ١٨١٠٦-١٨١٠٨""}]"
١٢٠٦٣٧,"[{""library"": ""مركز الملك فيصل للبحوث والدراسات الاسلامية"", ""country"": ""المملكة العربية السعودية"", ""city"": ""الرياض"", ""catalog_num"": ""ب ١٨١٠٩""}]"
١٢٠٦٣٨,"[{""library"": ""مكتبة برنستون"", ""country"": ""الولايات المتحدة الأمريكية"", ""city"": ""برنستون"", ""catalog_num"": ""٤٠١ h""}]"
١٢٠٦٣٩,"[{""library"": ""مركز الملك فيصل للبحوث والدراسات الاسلامية"", ""country"": ""المملكة العربية السعودية"", ""city"": ""الرياض"", ""catalog_num"": ""ب ١٨١١٠-١٨١٢٠""}]"
١٢٠٦٤٠,"[{""library"": ""مركز الملك فيصل للبحوث والدراسات الاسلامية"", ""country"": ""المملكة العربية السعودية"", ""city"": ""الرياض"", ""catalog_num"": ""ب ١٨١٢١-١٨١٢٧""}]"
١٢٠٦٤١,"[{""library"": ""مركز الملك فيصل للبحوث والدراسات الاسلامية"", ""country"": ""المملكة العربية السعودية"", ""city"": ""الرياض"", ""catalog_num"": ""ب ١٨١٢٨-١٨١٣٠""}]"
١٢٠٦٤٢,"[{""library"": ""مركز الملك فيصل للبحوث والدراسات الاسلامية"", ""country"": ""المملكة العربية السعودية"", ""city"": ""الرياض"", ""catalog_num"": ""ب ١٨١٣١-١٨١٣٨""}]"
١٢٠٦٤٣,"[{""library"": ""مركز الملك فيصل للبحوث والدراسات الاسلامية"", ""country"": ""المملكة العربية السعودية"", ""city"": ""الرياض"", ""catalog_num"": ""ب ١٨١٣٩-١٨١٤٠""}]"
١٢٠٦٤٤,"[{""library"": ""مركز الملك فيصل للبحوث والدراسات الاسلامية"", ""country"": ""المملكة العربية السعودية"", ""city"": ""الرياض"", ""catalog_num"": ""ب ١٨١٤١-١٨١٤٤""}]"
١٢٠٦٤٥,"[{""library"": ""مركز الملك فيصل للبحوث والدراسات الاسلامية"", ""country"": ""المملكة العربية السعودية"", ""city"": ""الرياض"", ""catalog_num"": ""ب ١٨١٤٥-١٨١٤٧""}]"
١٢٠٦٤٦,"[{""library"": ""مركز الملك فيصل للبحوث والدراسات الاسلامية"", ""country"": ""المملكة العربية السعودية"", ""city"": ""الرياض"", ""catalog_num"": ""ب ١٨١٤٨-١٨١٥٩/E""}]"
١٢٠٦٤٧,"[{""library"": ""مركز الملك فيصل للبحوث والدراسات الاسلامية"", ""country"": ""المملكة العربية السعودية"", ""city"": ""الرياض"", ""catalog_num"": ""ب ١٨١٦٠-١٨١٦٨/C""}]"
١٢٠٦٥٢,"[{""library"": ""مكتبة برنستون"", ""country"": ""الولايات المتحدة الأمريكية"", ""city"": ""برنستون"", ""catalog_num"": ""٤١٥٩""}]"
١٢٠٦٥٥,"[{""library"": ""مكتبة برنستون"", ""country"": ""الولايات المتحدة الأمريكية"", ""city"": ""برنستون"", ""catalog_num"": ""١٠٨٩""}]"
١٢٠٦٥٦,"[{""library"": ""مركز الملك فيصل للبحوث والدراسات الاسلامية"", ""country"": ""المملكة العربية السعودية"", ""city"": ""الرياض"", ""catalog_num"": ""٠٦٦٥٨-١""}]"
١٢٠٦٥٧,"[{""library"": ""مكتبة برنستون"", ""country"": ""الولايات المتحدة الأمريكية"", ""city"": ""برنستون"", ""catalog_num"": ""١٣١٣""}]"
١٢٠٦٥٨,"[{""library"": ""مركز الملك فيصل للبحوث والدراسات الاسلامية"", ""country"": ""المملكة العربية السعودية"", ""city"": ""الرياض"", ""catalog_num"": ""٠٤٠١٠-١٣""}]"
١٢٠٦٥٩,"[{""library"": ""مكتبة برنستون"", ""country"": ""الولايات المتحدة الأمريكية"", ""city"": ""برنستون"", ""catalog_num"": ""٢٠٨ h""}]"
١٢٠٦٦١,"[{""library"": ""مركز الملك فيصل للبحوث والدراسات الاسلامية"", ""country"": ""المملكة العربية السعودية"", ""city"": ""الرياض"", ""catalog_num"": ""٠٤٠١٠-١٢""}]"
١٢٠٦٧٢,"[{""library"": ""مكتبة برنستون"", ""country"": ""الولايات المتحدة الأمريكية"", ""city"": ""برنستون"", ""catalog_num"": ""٢٢٩٢""}]"
١٢٠٦٧٣,"[{""library"": ""مكتبة برنستون"", ""country"": ""الولايات المتحدة الأمريكية"", ""city"": ""برنستون"", ""catalog_num"": ""٣٨٤٩""}]"
١٢٠٦٧٤,"[{""library"": ""مكتبة برنستون"", ""country"": ""الولايات المتحدة الأمريكية"", ""city"": ""برنستون"", ""catalog_num"": ""٢٨٤٣""}]"
١٢٠٦٧٥,"[{""library"": ""مركز الملك فيصل للبحوث والدراسات الاسلامية"", ""country"": ""المملكة العربية السعودية"", ""city"": ""الرياض"", ""catalog_num"": ""٠٤٠١٠-١١""}]"
١٢٠٦٧٨,"[{""library"": ""مركز الملك فيصل للبحوث والدراسات الاسلامية"", ""country"": ""المملكة العربية السعودية"", ""city"": ""الرياض"", ""catalog_num"": ""ب ١٨٣١٠""}]"
١٢٠٦٧٩,"[{""library"": ""مكتبة برنستون"", ""country"": ""الولايات المتحدة الأمريكية"", ""city"": ""برنستون"", ""catalog_num"": ""٢٨٧٨""}]"
١٢٠٦٨٠,"[{""library"": ""مركز الملك فيصل للبحوث والدراسات الاسلامية"", ""country"": ""المملكة العربية السعودية"", ""city"": ""الرياض"", ""catalog_num"": ""ب ١٨٣١١""}]"
١٢٠٦٨١,"[{""library"": ""مركز الملك فيصل للبحوث والدراسات الاسلامية"", ""country"": ""المملكة العربية السعودية"", ""city"": ""الرياض"", ""catalog_num"": ""ب ١٨٣١٢-١٨٣١٣""}]"
١٢٠٦٨٢,"[{""library"": ""مكتبة برنستون"", ""country"": ""الولايات المتحدة الأمريكية"", ""city"": ""برنستون"", ""catalog_num"": ""٤٤٠٣""}]"
١٢٠٦٨٥,"[{""library"": ""مركز الملك فيصل للبحوث والدراسات الاسلامية"", ""country"": ""المملكة العربية السعودية"", ""city"": ""الرياض"", ""catalog_num"": ""ب ١٨٣١٤-١٨٣١٥""}]"
١٢٠٦٨٧,"[{""library"": ""مركز الملك فيصل للبحوث والدراسات الاسلامية"", ""country"": ""المملكة العربية السعودية"", ""city"": ""الرياض"", ""catalog_num"": ""٠٤٠١٠-١٠""}]"
١٢٠٦٨٩,"[{""library"": ""مركز الملك فيصل للبحوث والدراسات الاسلامية"", ""country"": ""المملكة العربية السعودية"", ""city"": ""الرياض"", ""catalog_num"": ""ب ١٨٣١٦-١٨٣٢١""}]"
١٢٠٦٩١,"[{""library"": ""مركز الملك فيصل للبحوث والدراسات الاسلامية"", ""country"": ""المملكة العربية السعودية"", ""city"": ""الرياض"", ""catalog_num"": ""٠٤٠١٠-٩""}]"
١٢٠٦٩٢,"[{""library"": ""مركز الملك فيصل للبحوث والدراسات الاسلامية"", ""country"": ""المملكة العربية السعودية"", ""city"": ""الرياض"", ""catalog_num"": ""ب ١٨٣٢٢-١٨٣٢٣""}]"
١٢٠٦٩٣,"[{""library"": ""مركز الملك فيصل للبحوث والدراسات الاسلامية"", ""country"": ""المملكة العربية السعودية"", ""city"": ""الرياض"", ""catalog_num"": ""ب ١٨٣٢٤-١٨٣٢٧""}]"
١٢٠٦٩٤,"[{""library"": ""مركز الملك فيصل للبحوث والدراسات الاسلامية"", ""country"": ""المملكة العربية السعودية"", ""city"": ""الرياض"", ""catalog_num"": ""ب ١٨٣٢٨-١٨٣٢٩""}]"
١٢٠٦٩٥,"[{""library"": ""مكتبة برنستون"", ""country"": ""الولايات المتحدة الأمريكية"", ""city"": ""برنستون"", ""catalog_num"": ""٣٠٦٣,٥٤٢٢""}]"
١٢٠٦٩٦,"[{""library"": ""مركز الملك فيصل للبحوث والدراسات الاسلامية"", ""country"": ""المملكة العربية السعودية"", ""city"": ""الرياض"", ""catalog_num"": ""ب ١٨٣٢٩""}]"
١٢٠٦٩٧,"[{""library"": ""مكتبة برنستون"", ""country"": ""الولايات المتحدة الأمريكية"", ""city"": ""برنستون"", ""catalog_num"": ""٥٧٩٧""}]"
١٢٠٦٩٨,"[{""library"": ""مركز الملك فيصل للبحوث والدراسات الاسلامية"", ""country"": ""المملكة العربية السعودية"", ""city"": ""الرياض"", ""catalog_num"": ""ب ١٨٣٢٩""}]"
١٢٠٦٩٩,"[{""library"": ""مكتبة برنستون"", ""country"": ""الولايات المتحدة الأمريكية"", ""city"": ""برنستون"", ""catalog_num"": ""١٠٨""}]"
١٢٠٧٠١,"[{""library"": ""مكتبة برنستون"", ""country"": ""الولايات المتحدة الأمريكية"", ""city"": ""برنستون"", ""catalog_num"": ""٦٠٣٢""}]"
١٢٠٧٠٤,"[{""library"": ""مكتبة برنستون"", ""country"": ""الولايات المتحدة الأمريكية"", ""city"": ""برنستون"", ""catalog_num"": ""٨٥٧""}]"
١٢٠٧٠٥,"[{""library"": ""مكتبة برنستون"", ""country"": ""الولايات المتحدة الأمريكية"", ""catalog_num"": ""٣٧٩٤""}]"
١٢٠٧٠٧,"[{""library"": ""مكتبة برنستون"", ""country"": ""الولايات المتحدة الأمريكية"", ""city"": ""برنستون"", ""catalog_num"": ""١٠٧٧""}]"
١٢٠٧١١,"[{""library"": ""مكتبة برنستون"", ""country"": ""الولايات المتحدة الأمريكية"", ""city"": ""برنستون"", ""catalog_num"": ""١١٠ b""}]"
١٢٠٧١٤,"[{""library"": ""مكتبة برنستون"", ""country"": ""الولايات المتحدة الأمريكية"", ""city"": ""برنستون"", ""catalog_num"": ""٥١٩٩""}]"
١٢٠٧١٥,"[{""library"": ""مكتبة برنستون"", ""country"": ""الولايات المتحدة الأمريكية"", ""city"": ""برنستون"", ""catalog_num"": ""٥٦١٣""}]"
١٢٠٧١٦,"[{""library"": ""مكتبة برنستون"", ""country"": ""الولايات المتحدة الأمريكية"", ""city"": ""برنستون"", ""catalog_num"": ""٥٦١٣""}]"
١٢٠٧١٧,"[{""library"": ""مكتبة برنستون"", ""country"": ""الولايات المتحدة الأمريكية"", ""city"": ""برنستون"", ""catalog_num"": ""٨٢ l""}]"
١٢٠٧٢٠,"[{""library"": ""مكتبة برنستون"", ""country"": ""الولايات المتحدة الأمريكية"", ""city"": ""برنستون"", ""catalog_num"": ""٣٣٧٤""}]"
١٢٠٧٢١,"[{""library"": ""مكتبة برنستون"", ""country"": ""الولايات المتحدة الأمريكية"", ""city"": ""برنستون"", ""catalog_num"": ""١٣٠٦""}]"
١٢٠٧٢٣,"[{""library"": ""مكتبة برنستون"", ""country"": ""الولايات المتحدة الأمريكية"", ""city"": ""برنستون"", ""catalog_num"": ""١٩٣٩""}]"
١٢٠٧٢٤,"[{""library"": ""مكتبة برنستون"", ""country"": ""الولايات المتحدة الأمريكية"", ""city"": ""برنستون"", ""catalog_num"": ""٣١١""}]"
١٢٠٧٢٥,"[{""library"": ""مكتبة برنستون"", ""country"": ""الولايات المتحدة الأمريكية"", ""city"": ""برنستون"", ""catalog_num"": ""١٠٦٦""}]"
١٢٠٧٢٦,"[{""library"": ""مكتبة برنستون"", ""country"": ""الولايات المتحدة الأمريكية"", ""city"": ""برنستون"", ""catalog_num"": ""١٠٦٨""}]"
١٢٠٧٢٧,"[{""library"": ""مكتبة برنستون"", ""country"": ""الولايات المتحدة الأمريكية"", ""city"": ""برنستون"", ""catalog_num"": ""٢٠٠٠""}]"
١٢٠٧٢٨,"[{""library"": ""مكتبة برنستون"", ""country"": ""الولايات المتحدة الأمريكية"", ""city"": ""برنستون"", ""catalog_num"": ""١١٠٢""}]"
١٢٠٧٣٢,"[{""library"": ""مكتبة برنستون"", ""country"": ""الولايات المتحدة الأمريكية"", ""city"": ""برنستون"", ""catalog_num"": ""٤٦٦""}]"
١٢٠٧٣٣,"[{""library"": ""مكتبة برنستون"", ""country"": ""الولايات المتحدة الأمريكية"", ""city"": ""برنستون"", ""catalog_num"": ""٢٥١٢""}]"
١٢٠٧٣٧,"[{""library"": ""مكتبة برنستون"", ""country"": ""الولايات المتحدة الأمريكية"", ""city"": ""برنستون"", ""catalog_num"": ""٤٧٨٣""}]"
١٢٠٧٤٢,"[{""library"": ""مكتبة برنستون"", ""country"": ""الولايات المتحدة الأمريكية"", ""city"": ""برنستون"", ""catalog_num"": ""٤٦١""}]"
١٢٠٧٤٩,"[{""library"": ""مركز الملك فيصل للبحوث والدراسات الاسلامية"", ""country"": ""المملكة العربية السعودية"", ""city"": ""الرياض"", ""catalog_num"": ""ب ١٨٣٣٠-١٨٣٣١""}]"
١٢٠٧٥٠,"[{""library"": ""مركز الملك فيصل للبحوث والدراسات الاسلامية"", ""country"": ""المملكة العربية السعودية"", ""city"": ""الرياض"", ""catalog_num"": ""ب ١٨٣٣٢-١٨٣٣٧""}]"
١٢٠٧٥١,"[{""library"": ""مركز الملك فيصل للبحوث والدراسات الاسلامية"", ""country"": ""المملكة العربية السعودية"", ""city"": ""الرياض"", ""catalog_num"": ""ب ١٨٣٣٨-١٨٣٤٠""}]"
١٢٠٧٥٢,"[{""library"": ""مركز الملك فيصل للبحوث والدراسات الاسلامية"", ""country"": ""المملكة العربية السعودية"", ""city"": ""الرياض"", ""catalog_num"": ""ب ١٨٣٤١-١٨٣٤٢""}]"
١٢٠٧٥٣,"[{""library"": ""مركز الملك فيصل للبحوث والدراسات الاسلامية"", ""country"": ""المملكة العربية السعودية"", ""city"": ""الرياض"", ""catalog_num"": ""ب ١٨٣٤٣-١٨٣٤٥""}]"
١٢٠٧٥٤,"[{""library"": ""مركز الملك فيصل للبحوث والدراسات الاسلامية"", ""country"": ""المملكة العربية السعودية"", ""city"": ""الرياض"", ""catalog_num"": ""ب ١٨٣٤٦""}]"
١٢٠٧٥٥,"[{""library"": ""مركز الملك فيصل للبحوث والدراسات الاسلامية"", ""country"": ""المملكة العربية السعودية"", ""city"": ""الرياض"", ""catalog_num"": ""ب ١٨٣٤٧""}]"
١٢٠٧٥٦,"[{""library"": ""مركز الملك فيصل للبحوث والدراسات الاسلامية"", ""country"": ""المملكة العربية السعودية"", ""city"": ""الرياض"", ""catalog_num"": ""ب ١٨٣٤٨-١٨٣٥٠""}]"
١٢٠٧٥٨,"[{""library"": ""مكتبة برنستون"", ""country"": ""الولايات المتحدة الأمريكية"", ""city"": ""برنستون"", ""catalog_num"": ""٧٧٠ h""}]"
١٢٠٧٥٩,"[{""library"": ""مكتبة برنستون"", ""country"": ""الولايات المتحدة الأمريكية"", ""city"": ""برنستون"", ""catalog_num"": ""٩٤٠""}]"
١٢٠٧٦٣,"[{""library"": ""مكتبة برنستون"", ""country"": ""الولايات المتحدة الأمريكية"", ""city"": ""برنستون"", ""catalog_num"": ""٢٧٩٨""}]"
١٢٠٧٦٤,"[{""library"": ""مركز الملك فيصل للبحوث والدراسات الاسلامية"", ""country"": ""المملكة العربية السعودية"", ""city"": ""الرياض"", ""catalog_num"": ""٠٩٣٦١-١٥""}]"
١٢٠٧٦٥,"[{""library"": ""مكتبة برنستون"", ""country"": ""الولايات المتحدة الأمريكية"", ""city"": ""برنستون"", ""catalog_num"": ""٨٣٩""}]"
١٢٠٧٦٧,"[{""library"": ""مركز الملك فيصل للبحوث والدراسات الاسلامية"", ""country"": ""المملكة العربية السعودية"", ""city"": ""الرياض"", ""catalog_num"": ""٠٩٣٦١-١٦""}]"
١٢٠٧٦٨,"[{""library"": ""مكتبة برنستون"", ""country"": ""الولايات المتحدة الأمريكية"", ""city"": ""برنستون"", ""catalog_num"": ""٤٦٨٧""}]"
١٢٠٧٦٩,"[{""library"": ""مكتبة برنستون"", ""country"": ""الولايات المتحدة الأمريكية"", ""city"": ""برنستون"", ""catalog_num"": ""٤٢٤٢""}]"
١٢٠٧٧٣,"[{""library"": ""مكتبة برنستون"", ""country"": ""الولايات المتحدة الأمريكية"", ""city"": ""برنستون"", ""catalog_num"": ""٢٢٢ h""}]"
١٢٠٧٧٧,"[{""library"": ""مركز الملك فيصل للبحوث والدراسات الاسلامية"", ""country"": ""المملكة العربية السعودية"", ""city"": ""الرياض"", ""catalog_num"": ""٠٩٣٦١-١٧""}]"
١٢٠٧٧٨,"[{""library"": ""مكتبة برنستون"", ""country"": ""الولايات المتحدة الأمريكية"", ""city"": ""برنستون"", ""catalog_num"": ""٩٢٣""}]"
١٢٠٧٨٢,"[{""library"": ""مكتبة برنستون"", ""country"": ""الولايات المتحدة الأمريكية"", ""city"": ""برنستون"", ""catalog_num"": ""١٤٩ b""}]"
١٢٠٧٨٤,"[{""library"": ""مكتبة برنستون"", ""country"": ""الولايات المتحدة الأمريكية"", ""city"": ""برنستون"", ""catalog_num"": ""١٩٦٤""}]"
١٢٠٧٨٨,"[{""library"": ""مركز الملك فيصل للبحوث والدراسات الاسلامية"", ""country"": ""المملكة العربية السعودية"", ""city"": ""الرياض"", ""catalog_num"": ""ب ١٨٣٥١-١٨٣٥٣""}]"
١٢٠٧٩٠,"[{""library"": ""مركز الملك فيصل للبحوث والدراسات الاسلامية"", ""country"": ""المملكة العربية السعودية"", ""city"": ""الرياض"", ""catalog_num"": ""ب ١٨٣٥٤-١٨٣٥٨""}]"
١٢٠٧٩٢,"[{""library"": ""مركز الملك فيصل للبحوث والدراسات الاسلامية"", ""country"": ""المملكة العربية السعودية"", ""city"": ""الرياض"", ""catalog_num"": ""ب ١٨٣٥٩-١٨٣٦١""}]"
١٢٠٧٩٤,"[{""library"": ""مركز الملك فيصل للبحوث والدراسات الاسلامية"", ""country"": ""المملكة العربية السعودية"", ""city"": ""الرياض"", ""catalog_num"": ""ب ١٨٣٦٢-١٨٣٦٤""}]"
١٢٠٧٩٥,"[{""library"": ""مركز الملك فيصل للبحوث والدراسات الاسلامية"", ""country"": ""المملكة العربية السعودية"", ""city"": ""الرياض"", ""catalog_num"": ""ب ١٨٣٦٥-١٨٣٦٧""}]"
١٢٠٧٩٧,"[{""library"": ""مركز الملك فيصل للبحوث والدراسات الاسلامية"", ""country"": ""المملكة العربية السعودية"", ""city"": ""الرياض"", ""catalog_num"": ""ب ١٨٣٦٨""}]"
١٢٠٧٩٨,"[{""library"": ""مركز الملك فيصل للبحوث والدراسات الاسلامية"", ""country"": ""المملكة العربية السعودية"", ""city"": ""الرياض"", ""catalog_num"": ""ب ١٨٣٦٩الحزب الك""}]"
١٢٠٧٩٩,"[{""library"": ""مركز الملك فيصل للبحوث والدراسات الاسلامية"", ""country"": ""المملكة العربية السعودية"", ""city"": ""الرياض"", ""catalog_num"": ""ب ١٨٣٧٠""}]"
١٢٠٨٠٠,"[{""library"": ""مركز الملك فيصل للبحوث والدراسات الاسلامية"", ""country"": ""المملكة العربية السعودية"", ""city"": ""الرياض"", ""catalog_num"": ""ب ١٨٣٧١-١٨٣٧٢""}]"
١٢٠٨٠١,"[{""library"": ""مركز الملك فيصل للبحوث والدراسات الاسلامية"", ""country"": ""المملكة العربية السعودية"", ""city"": ""الرياض"", ""catalog_num"": ""ب ١٨٣٧٣-١٨٣٧٧""}]"
١٢٠٨٠٣,"[{""library"": ""مركز الملك فيصل للبحوث والدراسات الاسلامية"", ""country"": ""المملكة العربية السعودية"", ""city"": ""الرياض"", ""catalog_num"": ""ب ١٨٣٧٨-١٨٣٧٩""}]"
١٢٠٨٠٤,"[{""library"": ""مكتبة برنستون"", ""country"": ""الولايات المتحدة الأمريكية"", ""city"": ""برنستون"", ""catalog_num"": ""٣٢٨٠""}]"
١٢٠٨٠٥,"[{""library"": ""مكتبة برنستون"", ""country"": ""الولايات المتحدة الأمريكية"", ""city"": ""برنستون"", ""catalog_num"": ""١٥٨٢,٢٢٦٦,٢٦٥٤,٤٥٥٩,٨٥٨,١٠٠٧,١٢٠٥,١٢٨٢,١٣٦٤,١٣٧١,١٣٨١,١٩٠٤,٣٤ g,٤١ g,٥٠ ٥٠ g,٥٩٢ h,٥٩٣ h, ٥٥ g,a ٣٥ g,a ١٤ g,g ١٤ b,g ١٤ c""}]"
١٢٠٨٠٦,"[{""library"": ""مكتبة برنستون"", ""country"": ""الولايات المتحدة الأمريكية"", ""city"": ""برنستون"", ""catalog_num"": ""d ١٤ g,e ١٤ g,a ١٥ g,b ١٥ g, a ١٥ g,b ١٥ g, c ١٥ g, d ١٥ g, e ١٥ g, ١٧ g,١٨ g,١٩ g, ٢٠ g, ٢١ g,٢٢ g""}]"
١٢٠٨١٢,"[{""library"": ""مكتبة برنستون"", ""country"": ""الولايات المتحدة الأمريكية"", ""city"": ""برنستون"", ""catalog_num"": ""١٠٤٣ h""}]"
١٢٠٨١٣,"[{""library"": ""مركز الملك فيصل للبحوث والدراسات الاسلامية"", ""country"": ""المملكة العربية السعودية"", ""city"": ""الرياض"", ""catalog_num"": ""ب ١٨٣٨٠-١٨٣٨٢""}]"
١٢٠٨١٤,"[{""library"": ""مركز الملك فيصل للبحوث والدراسات الاسلامية"", ""country"": ""المملكة العربية السعودية"", ""city"": ""الرياض"", ""catalog_num"": ""ب ١٨٣٨٣-١٨٣٨٧""}]"
١٢٠٨١٥,"[{""library"": ""مركز الملك فيصل للبحوث والدراسات الاسلامية"", ""country"": ""المملكة العربية السعودية"", ""city"": ""الرياض"", ""catalog_num"": ""ب ١٨٣٨٨""}]"
١٢٠٨١٦,"[{""library"": ""مركز الملك فيصل للبحوث والدراسات الاسلامية"", ""country"": ""المملكة العربية السعودية"", ""city"": ""الرياض"", ""catalog_num"": ""ب ١٨٣٨٩-١٨٣٩٤""}]"
١٢٠٨١٧,"[{""library"": ""مركز الملك فيصل للبحوث والدراسات الاسلامية"", ""country"": ""المملكة العربية السعودية"", ""city"": ""الرياض"", ""catalog_num"": ""ب ١٨٣٩٥-١٨٣٩٦""}]"
١٢٠٨١٨,"[{""library"": ""مركز الملك فيصل للبحوث والدراسات الاسلامية"", ""country"": ""المملكة العربية السعودية"", ""city"": ""الرياض"", ""catalog_num"": ""ب ١٨٣٩٧-١٨٤٠٠""}]"
١٢٠٨١٩,"[{""library"": ""مركز الملك فيصل للبحوث والدراسات الاسلامية"", ""country"": ""المملكة العربية السعودية"", ""city"": ""الرياض"", ""catalog_num"": ""ب ١٨٤٠١""}]"
١٢٠٨٢٢,"[{""library"": ""مركز الملك فيصل للبحوث والدراسات الاسلامية"", ""country"": ""المملكة العربية السعودية"", ""city"": ""الرياض"", ""catalog_num"": ""ب ١٨٤٠٢""}]"
١٢٠٨٢٣,"[{""library"": ""مركز الملك فيصل للبحوث والدراسات الاسلامية"", ""country"": ""المملكة العربية السعودية"", ""city"": ""الرياض"", ""catalog_num"": ""ب ١٨٤٠٣-١٨٤٠٦""}]"
١٢٠٨٢٤,"[{""library"": ""مكتبة برنستون"", ""country"": ""الولايات المتحدة الأمريكية"", ""city"": ""برنستون"", ""catalog_num"": ""٢٢٤""}]"
١٢٠٨٢٥,"[{""library"": ""مركز الملك فيصل للبحوث والدراسات الاسلامية"", ""country"": ""المملكة العربية السعودية"", ""city"": ""الرياض"", ""catalog_num"": ""٠٩٢٥٦-١""}]"
١٢٠٨٢٩,"[{""library"": ""مكتبة برنستون"", ""country"": ""الولايات المتحدة الأمريكية"", ""city"": ""برنستون"", ""catalog_num"": ""٤٨١""}]"
١٢٠٨٣٣,"[{""library"": ""مكتبة برنستون"", ""country"": ""الولايات المتحدة الأمريكية"", ""city"": ""برنستون"", ""catalog_num"": ""١٨٥٨""}]"
١٢٠٨٣٦,"[{""library"": ""مكتبة برنستون"", ""country"": ""الولايات المتحدة الأمريكية"", ""city"": ""برنستون"", ""catalog_num"": ""١٠٤٧ h""}]"
١٢٠٨٤١,"[{""library"": ""مكتبة برنستون"", ""country"": ""الولايات المتحدة الأمريكية"", ""city"": ""برنستون"", ""catalog_num"": ""٥٤٠٨""}]"
١٢٠٨٤٢,"[{""library"": ""مكتبة برنستون"", ""country"": ""الولايات المتحدة الأمريكية"", ""city"": ""برنستون"", ""catalog_num"": ""٥٥١ h""}]"
١٢٠٨٤٣,"[{""library"": ""مكتبة برنستون"", ""country"": ""الولايات المتحدة الأمريكية"", ""city"": ""برنستون"", ""catalog_num"": ""٣٠١ b""}]"
١٢٠٨٤٤,"[{""library"": ""مركز الملك فيصل للبحوث والدراسات الاسلامية"", ""country"": ""المملكة العربية السعودية"", ""city"": ""الرياض"", ""catalog_num"": ""ب ١٨٤٠٧""}]"
١٢٠٨٤٥,"[{""library"": ""مركز الملك فيصل للبحوث والدراسات الاسلامية"", ""country"": ""المملكة العربية السعودية"", ""city"": ""الرياض"", ""catalog_num"": ""ب ١٨٤٠٧-١٨٤١٠""}]"
١٢٠٨٤٨,"[{""library"": ""مكتبة برنستون"", ""country"": ""الولايات المتحدة الأمريكية"", ""city"": ""برنستون"", ""catalog_num"": ""١١٦٩""}]"
١٢٠٨٥٠,"[{""library"": ""مركز الملك فيصل للبحوث والدراسات الاسلامية"", ""country"": ""المملكة العربية السعودية"", ""city"": ""الرياض"", ""catalog_num"": ""ب ١٨٤١١""}]"
١٢٠٨٥١,"[{""library"": ""مركز الملك فيصل للبحوث والدراسات الاسلامية"", ""country"": ""المملكة العربية السعودية"", ""city"": ""الرياض"", ""catalog_num"": ""ب ١٨٤١١""}]"
١٢٠٨٥٢,"[{""library"": ""مكتبة برنستون"", ""country"": ""الولايات المتحدة الأمريكية"", ""city"": ""برنستون"", ""catalog_num"": ""٤٩""}]"
١٢٠٨٥٣,"[{""library"": ""مكتبة برنستون"", ""country"": ""الولايات المتحدة الأمريكية"", ""city"": ""برنستون"", ""catalog_num"": ""٦٥""}]"
١٢٠٨٥٦,"[{""library"": ""مكتبة برنستون"", ""country"": ""الولايات المتحدة الأمريكية"", ""city"": ""برنستون"", ""catalog_num"": ""a ١٠٢h""}]"
١٢٠٨٥٧,"[{""library"": ""مكتبة برنستون"", ""country"": ""الولايات المتحدة الأمريكية"", ""city"": ""برنستون"", ""catalog_num"": ""٥٤٩٣""}]"
١٢٠٨٦٠,"[{""library"": ""مكتبة برنستون"", ""country"": ""الولايات المتحدة الأمريكية"", ""city"": ""برنستون"", ""catalog_num"": ""٣٤٠ l""}]"
١٢٠٨٦١,"[{""library"": ""مكتبة برنستون"", ""country"": ""الولايات المتحدة الأمريكية"", ""city"": ""برنستون"", ""catalog_num"": ""٣٨٨٣""}]"
١٢٠٨٦٢,"[{""library"": ""مكتبة برنستون"", ""country"": ""الولايات المتحدة الأمريكية"", ""city"": ""برنستون"", ""catalog_num"": ""٥٢٤٦""}]"
١٢٠٨٦٥,"[{""library"": ""مكتبة برنستون"", ""country"": ""الولايات المتحدة الأمريكية"", ""city"": ""برنستون"", ""catalog_num"": ""٢٣٢٥""}]"
١٢٠٨٦٧,"[{""library"": ""مكتبة برنستون"", ""country"": ""الولايات المتحدة الأمريكية"", ""city"": ""برنستون"", ""catalog_num"": ""٢٣٢٥""}]"
١٢٠٨٦٨,"[{""library"": ""مكتبة برنستون"", ""country"": ""الولايات المتحدة الأمريكية"", ""city"": ""برنستون"", ""catalog_num"": ""١٠٩ h""}]"
١٢٠٨٦٩,"[{""library"": ""مكتبة برنستون"", ""country"": ""الولايات المتحدة الأمريكية"", ""city"": ""برنستون"", ""catalog_num"": ""١٠٣ h""}]"
١٢٠٨٧٠,"[{""library"": ""مركز الملك فيصل للبحوث والدراسات الاسلامية"", ""country"": ""المملكة العربية السعودية"", ""city"": ""الرياض"", ""catalog_num"": ""ب ١٨٤١٢""}]"
١٢٠٨٧٣,"[{""library"": ""مكتبة برنستون"", ""country"": ""الولايات المتحدة الأمريكية"", ""city"": ""برنستون"", ""catalog_num"": ""١٨٢ l""}]"
١٢٠٨٧٥,"[{""library"": ""مركز الملك فيصل للبحوث والدراسات الاسلامية"", ""country"": ""المملكة العربية السعودية"", ""city"": ""الرياض"", ""catalog_num"": ""ب ١٨٤١٣""}]"
١٢٠٨٧٦,"[{""library"": ""مركز الملك فيصل للبحوث والدراسات الاسلامية"", ""country"": ""المملكة العربية السعودية"", ""city"": ""الرياض"", ""catalog_num"": ""ب ١٨٤١٤-١٨٤١٨""}]"
١٢٠٨٧٧,"[{""library"": ""مكتبة برنستون"", ""country"": ""الولايات المتحدة الأمريكية"", ""city"": ""برنستون"", ""catalog_num"": ""٤٠٩""}]"
١٢٠٨٧٩,"[{""library"": ""مكتبة برنستون"", ""country"": ""الولايات المتحدة الأمريكية"", ""city"": ""برنستون"", ""catalog_num"": ""٤٦٥٤""}]"
١٢٠٨٨٠,"[{""library"": ""مركز الملك فيصل للبحوث والدراسات الاسلامية"", ""country"": ""المملكة العربية السعودية"", ""city"": ""الرياض"", ""catalog_num"": ""ب ١٨٤١٩-١٨٤٢٢""}]"
١٢٠٨٨١,"[{""library"": ""مركز الملك فيصل للبحوث والدراسات الاسلامية"", ""country"": ""المملكة العربية السعودية"", ""city"": ""الرياض"", ""catalog_num"": ""ب ١٨٤٢٣-١٨٤٢٤""}]"
١٢٠٨٨٢,"[{""library"": ""مركز الملك فيصل للبحوث والدراسات الاسلامية"", ""country"": ""المملكة العربية السعودية"", ""city"": ""الرياض"", ""catalog_num"": ""ب ١٨٤٢٥-١٨٤٢٦""}]"
١٢٠٨٨٣,"[{""library"": ""مركز الملك فيصل للبحوث والدراسات الاسلامية"", ""country"": ""المملكة العربية السعودية"", ""city"": ""الرياض"", ""catalog_num"": ""ب ١٨٤٢٧""}]"
١٢٠٨٨٤,"[{""library"": ""مركز الملك فيصل للبحوث والدراسات الاسلامية"", ""country"": ""المملكة العربية السعودية"", ""city"": ""الرياض"", ""catalog_num"": ""ب ١٨٤٢٨-١٨٤٣٣""}]"
١٢٠٨٨٥,"[{""library"": ""مركز الملك فيصل للبحوث والدراسات الاسلامية"", ""country"": ""المملكة العربية السعودية"", ""city"": ""الرياض"", ""catalog_num"": ""ب ١٨٤٣٤-١٨٤٣٧""}]"
١٢٠٨٨٦,"[{""library"": ""مركز الملك فيصل للبحوث والدراسات الاسلامية"", ""country"": ""المملكة العربية السعودية"", ""city"": ""الرياض"", ""catalog_num"": ""ب ١٨٤٣٨-١٨٤٣٩""}]"
١٢٠٨٨٧,"[{""library"": ""مركز الملك فيصل للبحوث والدراسات الاسلامية"", ""country"": ""المملكة العربية السعودية"", ""city"": ""الرياض"", ""catalog_num"": ""ب ١٨٤٤٠""}]"
١٢٠٨٨٨,"[{""library"": ""مركز الملك فيصل للبحوث والدراسات الاسلامية"", ""country"": ""المملكة العربية السعودية"", ""city"": ""الرياض"", ""catalog_num"": ""ب ١٨٤٤١-١٨٤٤٤""}]"
١٢٠٨٨٩,"[{""library"": ""مركز الملك فيصل للبحوث والدراسات الاسلامية"", ""country"": ""المملكة العربية السعودية"", ""city"": ""الرياض"", ""catalog_num"": ""ب ١٨٤٤٥""}]"
١٢٠٨٩٠,"[{""library"": ""مكتبة برنستون"", ""country"": ""الولايات المتحدة الأمريكية"", ""city"": ""برنستون"", ""catalog_num"": ""٩٩٦ h""}]"
١٢٠٨٩٢,"[{""library"": ""مكتبة برنستون"", ""country"": ""الولايات المتحدة الأمريكية"", ""city"": ""برنستون"", ""catalog_num"": ""٩٩٤""}]"
١٢٠٨٩٣,"[{""library"": ""مكتبة برنستون"", ""country"": ""الولايات المتحدة الأمريكية"", ""city"": ""برنستون"", ""catalog_num"": ""٤٢٣٥""}]"
١٢٠٨٩٨,"[{""library"": ""مركز الملك فيصل للبحوث والدراسات الاسلامية"", ""country"": ""المملكة العربية السعودية"", ""city"": ""الرياض"", ""catalog_num"": ""ب ١٨٤٥٢""}]"
١٢٠٨٩٩,"[{""library"": ""مركز الملك فيصل للبحوث والدراسات الاسلامية"", ""country"": ""المملكة العربية السعودية"", ""city"": ""الرياض"", ""catalog_num"": ""ب ١٨٤٥٣-١٨٤٥٦""}]"
١٢٠٩٠٠,"[{""library"": ""مكتبة برنستون"", ""country"": ""الولايات المتحدة الأمريكية"", ""city"": ""برنستون"", ""catalog_num"": ""٤٢٤١""}]"
١٢٠٩٠١,"[{""library"": ""مركز الملك فيصل للبحوث والدراسات الاسلامية"", ""country"": ""المملكة العربية السعودية"", ""city"": ""الرياض"", ""catalog_num"": ""ب ١٨٤٥٧-١٨٤٦٠""}]"
١٢٠٩٠٢,"[{""library"": ""مركز الملك فيصل للبحوث والدراسات الاسلامية"", ""country"": ""المملكة العربية السعودية"", ""city"": ""الرياض"", ""catalog_num"": ""ب ١٨٤٦١""}]"
١٢٠٩٠٣,"[{""library"": ""مركز الملك فيصل للبحوث والدراسات الاسلامية"", ""country"": ""المملكة العربية السعودية"", ""city"": ""الرياض"", ""catalog_num"": ""ب ١٨٤٦٢""}]"
١٢٠٩٠٤,"[{""library"": ""مكتبة برنستون"", ""country"": ""الولايات المتحدة الأمريكية"", ""city"": ""برنستون"", ""catalog_num"": ""٣١٢,٣٨٦٠""}]"
١٢٠٩٠٥,"[{""library"": ""مركز الملك فيصل للبحوث والدراسات الاسلامية"", ""country"": ""المملكة العربية السعودية"", ""city"": ""الرياض"", ""catalog_num"": ""ب ١٨٤٦٢""}]"
١٢٠٩٠٦,"[{""library"": ""مركز الملك فيصل للبحوث والدراسات الاسلامية"", ""country"": ""المملكة العربية السعودية"", ""city"": ""الرياض"", ""catalog_num"": ""ب ١٨٤٦٢""}]"
١٢٠٩٠٧,"[{""library"": ""مركز الملك فيصل للبحوث والدراسات الاسلامية"", ""country"": ""المملكة العربية السعودية"", ""city"": ""الرياض"", ""catalog_num"": ""ب ١٨٤٦٣-١٨٤٦٥""}]"
١٢٠٩٠٨,"[{""library"": ""مركز الملك فيصل للبحوث والدراسات الاسلامية"", ""country"": ""المملكة العربية السعودية"", ""city"": ""الرياض"", ""catalog_num"": ""ب ١٨٤٦٦-١٨٤٦٩""}]"
١٢٠٩٠٩,"[{""library"": ""مركز الملك فيصل للبحوث والدراسات الاسلامية"", ""country"": ""المملكة العربية السعودية"", ""city"": ""الرياض"", ""catalog_num"": ""ب ١٨٤٧٠-١٨٤٧٣""}]"
١٢٠٩١٠,"[{""library"": ""مكتبة برنستون"", ""country"": ""الولايات المتحدة الأمريكية"", ""city"": ""برنستون"", ""catalog_num"": ""٣٨٠٧""}]"
١٢٠٩١١,"[{""library"": ""مكتبة برنستون"", ""country"": ""الولايات المتحدة الأمريكية"", ""city"": ""برنستون"", ""catalog_num"": ""٢٨٧٦""}]"
١٢٠٩١٢,"[{""library"": ""مكتبة برنستون"", ""country"": ""الولايات المتحدة الأمريكية"", ""city"": ""برنستون"", ""catalog_num"": ""١٢٠""}]"
١٢٠٩١٣,"[{""library"": ""مكتبة برنستون"", ""country"": ""الولايات المتحدة الأمريكية"", ""city"": ""برنستون"", ""catalog_num"": ""١٥٩""}]"
١٢٠٩١٤,"[{""library"": ""مكتبة برنستون"", ""country"": ""الولايات المتحدة الأمريكية"", ""city"": ""برنستون"", ""catalog_num"": ""١٥٥""}]"
١٢٠٩١٨,"[{""library"": ""مكتبة برنستون"", ""country"": ""الولايات المتحدة الأمريكية"", ""city"": ""برنستون"", ""catalog_num"": ""٩٩٢""}]"
١٢٠٩١٩,"[{""library"": ""مكتبة برنستون"", ""country"": ""الولايات المتحدة الأمريكية"", ""city"": ""برنستون"", ""catalog_num"": ""٤٦٧٣""}]"
١٢٠٩٢٠,"[{""library"": ""مكتبة برنستون"", ""country"": ""الولايات المتحدة الأمريكية"", ""city"": ""برنستون"", ""catalog_num"": ""٣٩٤ h""}]"
١٢٠٩٢١,"[{""library"": ""مكتبة برنستون"", ""country"": ""الولايات المتحدة الأمريكية"", ""city"": ""برنستون"", ""catalog_num"": ""١٨٤٢""}]"
١٢٠٩٢٢,"[{""library"": ""مكتبة برنستون"", ""country"": ""الولايات المتحدة الأمريكية"", ""city"": ""برنستون"", ""catalog_num"": ""٥٩٧٧""}]"
١٢٠٩٢٥,"[{""library"": ""مركز الملك فيصل للبحوث والدراسات الاسلامية"", ""country"": ""المملكة العربية السعودية"", ""city"": ""الرياض"", ""catalog_num"": ""ب ١٨٤٧٤-١٨٤٧٦""}]"
١٢٠٩٢٦,"[{""library"": ""مكتبة برنستون"", ""country"": ""الولايات المتحدة الأمريكية"", ""city"": ""برنستون"", ""catalog_num"": ""١١١٤""}]"
١٢٠٩٢٨,"[{""library"": ""مركز الملك فيصل للبحوث والدراسات الاسلامية"", ""country"": ""المملكة العربية السعودية"", ""city"": ""الرياض"", ""catalog_num"": ""ب ١٨٤٧٧""}]"
١٢٠٩٢٩,"[{""library"": ""مركز الملك فيصل للبحوث والدراسات الاسلامية"", ""country"": ""المملكة العربية السعودية"", ""city"": ""الرياض"", ""catalog_num"": ""ب ١٨٤٧٧""}]"
١٢٠٩٣٠,"[{""library"": ""مكتبة برنستون"", ""country"": ""الولايات المتحدة الأمريكية"", ""city"": ""برنستون"", ""catalog_num"": ""٣٧٠٠""}]"
١٢٠٩٣٢,"[{""library"": ""مركز الملك فيصل للبحوث والدراسات الاسلامية"", ""country"": ""المملكة العربية السعودية"", ""city"": ""الرياض"", ""catalog_num"": ""ب ١٨٤٧٧-١٨٤٧٨""}]"
١٢٠٩٣٣,"[{""library"": ""مركز الملك فيصل للبحوث والدراسات الاسلامية"", ""country"": ""المملكة العربية السعودية"", ""city"": ""الرياض"", ""catalog_num"": ""ب ١٨٤٧٩-١٨٤٨٠""}]"
١٢٠٩٣٨,"[{""library"": ""مركز الملك فيصل للبحوث والدراسات الاسلامية"", ""country"": ""المملكة العربية السعودية"", ""city"": ""الرياض"", ""catalog_num"": ""ب ١٨٤٨١-١٨٤٨٤""}]"
١٢٠٩٤٠,"[{""library"": ""مركز الملك فيصل للبحوث والدراسات الاسلامية"", ""country"": ""المملكة العربية السعودية"", ""city"": ""الرياض"", ""catalog_num"": ""ب ١٨٤٩٢-١٨٤٩٦""}]"
١٢٠٩٤٤,"[{""library"": ""مركز الملك فيصل للبحوث والدراسات الاسلامية"", ""country"": ""المملكة العربية السعودية"", ""city"": ""الرياض"", ""catalog_num"": ""ب ١٨٤٩٧-١٨٤٩٩""}]"
١٢٠٩٤٥,"[{""library"": ""مكتبة برنستون"", ""country"": ""الولايات المتحدة الأمريكية"", ""city"": ""برنستون"", ""catalog_num"": ""٧٠٨""}]"
١٢٠٩٤٩,"[{""library"": ""مركز الملك فيصل للبحوث والدراسات الاسلامية"", ""country"": ""المملكة العربية السعودية"", ""city"": ""الرياض"", ""catalog_num"": ""ب ١٨٥٠٠-١٨٥٠٢/A""}]"
١٢٠٩٥٠,"[{""library"": ""مركز الملك فيصل للبحوث والدراسات الاسلامية"", ""country"": ""المملكة العربية السعودية"", ""city"": ""الرياض"", ""catalog_num"": ""ب ١٨٥٠٣-١٨٥٠٩""}]"
١٢٠٩٥٢,"[{""library"": ""مكتبة برنستون"", ""country"": ""الولايات المتحدة الأمريكية"", ""city"": ""برنستون"", ""catalog_num"": ""٤٢٧٣""}]"
١٢٠٩٥٣,"[{""library"": ""مركز الملك فيصل للبحوث والدراسات الاسلامية"", ""country"": ""المملكة العربية السعودية"", ""city"": ""الرياض"", ""catalog_num"": ""٢٧١٦-ف""}]"
١٢٠٩٥٤,"[{""library"": ""مركز الملك فيصل للبحوث والدراسات الاسلامية"", ""country"": ""المملكة العربية السعودية"", ""city"": ""الرياض"", ""catalog_num"": ""٢٧١٧-ف""}]"
١٢٠٩٥٥,"[{""library"": ""مركز الملك فيصل للبحوث والدراسات الاسلامية"", ""country"": ""المملكة العربية السعودية"", ""city"": ""الرياض"", ""catalog_num"": ""٢٧١٧-١-ف""}]"
١٢٠٩٥٦,"[{""library"": ""مركز الملك فيصل للبحوث والدراسات الاسلامية"", ""country"": ""المملكة العربية السعودية"", ""city"": ""الرياض"", ""catalog_num"": ""٢٧١٧-٢-ف""}]"
١٢٠٩٥٧,"[{""library"": ""مركز الملك فيصل للبحوث والدراسات الاسلامية"", ""country"": ""المملكة العربية السعودية"", ""city"": ""الرياض"", ""catalog_num"": ""٢٧١٨-ف""}]"
١٢٠٩٥٨,"[{""library"": ""مركز الملك فيصل للبحوث والدراسات الاسلامية"", ""country"": ""المملكة العربية السعودية"", ""city"": ""الرياض"", ""catalog_num"": ""٢٧١٨-١-ف""}]"
١٢٠٩٥٩,"[{""library"": ""مركز الملك فيصل للبحوث والدراسات الاسلامية"", ""country"": ""المملكة العربية السعودية"", ""city"": ""الرياض"", ""catalog_num"": ""٢٧١٨-٢-ف""}]"
١٢٠٩٦٠,"[{""library"": ""مركز الملك فيصل للبحوث والدراسات الاسلامية"", ""country"": ""المملكة العربية السعودية"", ""city"": ""الرياض"", ""catalog_num"": ""٢٧١٩-ف""}]"
١٢٠٩٦١,"[{""library"": ""مركز الملك فيصل للبحوث والدراسات الاسلامية"", ""country"": ""المملكة العربية السعودية"", ""city"": ""الرياض"", ""catalog_num"": ""٢٧١٩-١-ف""}]"
١٢٠٩٦٢,"[{""library"": ""مركز الملك فيصل للبحوث والدراسات الاسلامية"", ""country"": ""المملكة العربية السعودية"", ""city"": ""الرياض"", ""catalog_num"": ""٢٧١٩-٢-ف""}]"
١٢٠٩٦٣,"[{""library"": ""مركز الملك فيصل للبحوث والدراسات الاسلامية"", ""country"": ""المملكة العربية السعودية"", ""city"": ""الرياض"", ""catalog_num"": ""٢٧١٩-٣-ف""}]"
١٢٠٩٦٤,"[{""library"": ""مركز الملك فيصل للبحوث والدراسات الاسلامية"", ""country"": ""المملكة العربية السعودية"", ""city"": ""الرياض"", ""catalog_num"": ""٢٧١٩-٤-ف""}]"
١٢٠٩٦٥,"[{""library"": ""مركز الملك فيصل للبحوث والدراسات الاسلامية"", ""country"": ""المملكة العربية السعودية"", ""city"": ""الرياض"", ""catalog_num"": ""٢٧٢٠-ف""}]"
١٢٠٩٦٦,"[{""library"": ""مركز الملك فيصل للبحوث والدراسات الاسلامية"", ""country"": ""المملكة العربية السعودية"", ""city"": ""الرياض"", ""catalog_num"": ""٢٧٢٠-١-ف""}]"
١٢٠٩٦٧,"[{""library"": ""مركز الملك فيصل للبحوث والدراسات الاسلامية"", ""country"": ""المملكة العربية السعودية"", ""city"": ""الرياض"", ""catalog_num"": ""٢٧٢٠-٢-ف""}]"
١٢٠٩٦٨,"[{""library"": ""مركز الملك فيصل للبحوث والدراسات الاسلامية"", ""country"": ""المملكة العربية السعودية"", ""city"": ""الرياض"", ""catalog_num"": ""٢٧٢٠-٣-ف""}]"
١٢٠٩٦٩,"[{""library"": ""مركز الملك فيصل للبحوث والدراسات الاسلامية"", ""country"": ""المملكة العربية السعودية"", ""city"": ""الرياض"", ""catalog_num"": ""٢٧٢٠-٤-ف""}]"
١٢٠٩٧٠,"[{""library"": ""مركز الملك فيصل للبحوث والدراسات الاسلامية"", ""country"": ""المملكة العربية السعودية"", ""city"": ""الرياض"", ""catalog_num"": ""٢٧٢٠-٥-ف""}]"
١٢٠٩٧١,"[{""library"": ""مركز الملك فيصل للبحوث والدراسات الاسلامية"", ""country"": ""المملكة العربية السعودية"", ""city"": ""الرياض"", ""catalog_num"": ""٢٧٢١-ف""}]"
١٢٠٩٧٢,"[{""library"": ""مركز الملك فيصل للبحوث والدراسات الاسلامية"", ""country"": ""المملكة العربية السعودية"", ""city"": ""الرياض"", ""catalog_num"": ""٢٧٢١-١-ف""}]"
١٢٠٩٧٣,"[{""library"": ""مركز الملك فيصل للبحوث والدراسات الاسلامية"", ""country"": ""المملكة العربية السعودية"", ""city"": ""الرياض"", ""catalog_num"": ""٢٧٢١-٢-ف""}]"
١٢٠٩٧٤,"[{""library"": ""مركز الملك فيصل للبحوث والدراسات الاسلامية"", ""country"": ""المملكة العربية السعودية"", ""city"": ""الرياض"", ""catalog_num"": ""٢٧٢١-٣-ف""}]"
١٢٠٩٧٥,"[{""library"": ""مركز الملك فيصل للبحوث والدراسات الاسلامية"", ""country"": ""المملكة العربية السعودية"", ""city"": ""الرياض"", ""catalog_num"": ""٢٧٢١-٤-ف""}]"
١٢٠٩٧٦,"[{""library"": ""مركز الملك فيصل للبحوث والدراسات الاسلامية"", ""country"": ""المملكة العربية السعودية"", ""city"": ""الرياض"", ""catalog_num"": ""٢٧٢٢-ف""}]"
١٢٠٩٧٧,"[{""library"": ""مركز الملك فيصل للبحوث والدراسات الاسلامية"", ""country"": ""المملكة العربية السعودية"", ""city"": ""الرياض"", ""catalog_num"": ""٢٧٢٢-١-ف""}]"
١٢٠٩٧٨,"[{""library"": ""مركز الملك فيصل للبحوث والدراسات الاسلامية"", ""country"": ""المملكة العربية السعودية"", ""city"": ""الرياض"", ""catalog_num"": ""٢٧٢٢-٢-ف""}]"
١٢٠٩٧٩,"[{""library"": ""مركز الملك فيصل للبحوث والدراسات الاسلامية"", ""country"": ""المملكة العربية السعودية"", ""city"": ""الرياض"", ""catalog_num"": ""٢٧٢٢-٣-ف""}]"
١٢٠٩٨٠,"[{""library"": ""مركز الملك فيصل للبحوث والدراسات الاسلامية"", ""country"": ""المملكة العربية السعودية"", ""city"": ""الرياض"", ""catalog_num"": ""٢٧٢٢-٤-ف""}]"
١٢٠٩٨١,"[{""library"": ""مركز الملك فيصل للبحوث والدراسات الاسلامية"", ""country"": ""المملكة العربية السعودية"", ""city"": ""الرياض"", ""catalog_num"": ""٢٧٢٢-٥-ف""}]"
١٢٠٩٨٢,"[{""library"": ""مركز الملك فيصل للبحوث والدراسات الاسلامية"", ""country"": ""المملكة العربية السعودية"", ""city"": ""الرياض"", ""catalog_num"": ""٢٧٢٣-ف""}]"
١٢٠٩٨٣,"[{""library"": ""مركز الملك فيصل للبحوث والدراسات الاسلامية"", ""country"": ""المملكة العربية السعودية"", ""city"": ""الرياض"", ""catalog_num"": ""٢٧٢٣-١-ف""}]"
١٢٠٩٨٤,"[{""library"": ""مركز الملك فيصل للبحوث والدراسات الاسلامية"", ""country"": ""المملكة العربية السعودية"", ""city"": ""الرياض"", ""catalog_num"": ""٢٧٢٤-ف""}]"
١٢٠٩٨٥,"[{""library"": ""مركز الملك فيصل للبحوث والدراسات الاسلامية"", ""country"": ""المملكة العربية السعودية"", ""city"": ""الرياض"", ""catalog_num"": ""٢٧٢٤-١-ف""}]"
١٢٠٩٨٦,"[{""library"": ""مركز الملك فيصل للبحوث والدراسات الاسلامية"", ""country"": ""المملكة العربية السعودية"", ""city"": ""الرياض"", ""catalog_num"": ""٢٧٢٤-٢-ف""}]"
١٢٠٩٨٧,"[{""library"": ""مركز الملك فيصل للبحوث والدراسات الاسلامية"", ""country"": ""المملكة العربية السعودية"", ""city"": ""الرياض"", ""catalog_num"": ""٢٧٢٤-٣-ف""}]"
١٢٠٩٨٨,"[{""library"": ""مركز الملك فيصل للبحوث والدراسات الاسلامية"", ""country"": ""المملكة العربية السعودية"", ""city"": ""الرياض"", ""catalog_num"": ""٢٧٢٧-٤-ف""}]"
١٢٠٩٨٩,"[{""library"": ""مركز الملك فيصل للبحوث والدراسات الاسلامية"", ""country"": ""المملكة العربية السعودية"", ""city"": ""الرياض"", ""catalog_num"": ""٢٧٢٥-ف""}]"
١٢٠٩٩٠,"[{""library"": ""مركز الملك فيصل للبحوث والدراسات الاسلامية"", ""country"": ""المملكة العربية السعودية"", ""city"": ""الرياض"", ""catalog_num"": ""٢٧٢٥-١-ف""}]"
١٢٠٩٩١,"[{""library"": ""مركز الملك فيصل للبحوث والدراسات الاسلامية"", ""country"": ""المملكة العربية السعودية"", ""city"": ""الرياض"", ""catalog_num"": ""٢٧٢٥-٢-ف""}]"
١٢٠٩٩٥,"[{""library"": ""مركز الملك فيصل للبحوث والدراسات الاسلامية"", ""country"": ""المملكة العربية السعودية"", ""city"": ""الرياض"", ""catalog_num"": ""٢٧٢٦-ف""}]"
١٢٠٩٩٦,"[{""library"": ""مركز الملك فيصل للبحوث والدراسات الاسلامية"", ""country"": ""المملكة العربية السعودية"", ""city"": ""الرياض"", ""catalog_num"": ""٢٧٢٧-ف""}]"
١٢٠٩٩٧,"[{""library"": ""مركز الملك فيصل للبحوث والدراسات الاسلامية"", ""country"": ""المملكة العربية السعودية"", ""city"": ""الرياض"", ""catalog_num"": ""٢٧٢٧-١-ف""}]"
١٢٠٩٩٨,"[{""library"": ""مركز الملك فيصل للبحوث والدراسات الاسلامية"", ""country"": ""المملكة العربية السعودية"", ""city"": ""الرياض"", ""catalog_num"": ""٢٧٢٧-٢-ف""}]"
